WeatherID,DateKey,Temperature,Humidity,Rainfall,WindSpeed
1,20190101,26.6,73.3,0.3,11.4
2,20190102,29.7,80.7,0.0,3.8
3,20190103,27.3,83.5,0.0,15.9
4,20190104,29.1,80.5,0.2,19.4
5,20190105,28.0,70.8,0.2,14.8
6,20190106,27.6,87.4,0.0,12.1
7,20190107,32.6,93.8,0.0,8.4
8,20190108,25.6,86.2,0.8,7.6
9,20190109,27.9,80.4,0.7,13.6
10,20190110,27.9,81.7,0.3,24.5
11,20190111,27.9,81.9,0.0,25.3
12,20190112,30.1,82.5,1.3,6.0
13,20190113,28.6,74.9,0.2,15.3
14,20190114,27.2,78.5,0.0,18.4
15,20190115,29.9,79.2,0.0,12.5
16,20190116,29.5,76.2,0.0,4.7
17,20190117,28.6,69.7,1.2,17.9
18,20190118,28.6,94.7,0.0,9.3
19,20190119,29.3,84.0,0.0,16.0
20,20190120,28.2,67.4,0.0,13.2
21,20190121,27.9,74.4,0.2,11.1
22,20190122,26.6,71.3,0.0,22.0
23,20190123,28.8,74.3,0.0,8.2
24,20190124,30.6,82.3,0.0,25.7
25,20190125,28.4,75.8,0.4,8.1
26,20190126,27.2,67.1,1.2,31.4
27,20190127,27.6,91.0,1.0,18.4
28,20190128,30.0,69.8,1.3,22.2
29,20190129,31.8,78.5,0.0,12.2
30,20190130,30.0,81.9,1.0,16.4
31,20190131,30.2,84.1,0.4,19.2
32,20190201,27.7,98.1,0.3,5.9
33,20190202,27.9,75.8,0.0,20.3
34,20190203,30.5,83.4,0.6,23.6
35,20190204,30.1,88.0,0.0,18.4
36,20190205,26.7,86.9,0.8,22.6
37,20190206,29.9,82.9,1.3,5.9
38,20190207,30.0,82.0,2.2,12.9
39,20190208,26.9,83.1,0.0,16.0
40,20190209,31.9,95.6,0.0,13.9
41,20190210,32.6,90.3,0.0,10.7
42,20190211,30.2,77.6,0.0,22.9
43,20190212,30.6,88.7,0.2,8.2
44,20190213,32.2,98.0,0.5,9.7
45,20190214,30.5,88.4,0.1,15.7
46,20190215,27.9,89.5,0.0,15.2
47,20190216,27.5,82.3,0.2,14.6
48,20190217,31.8,83.1,0.0,16.0
49,20190218,30.5,73.3,0.0,7.8
50,20190219,29.6,72.8,0.0,22.4
51,20190220,31.4,87.9,0.0,13.4
52,20190221,33.0,85.3,0.5,1.7
53,20190222,28.2,74.0,0.3,13.6
54,20190223,32.2,84.2,0.0,11.4
55,20190224,29.5,79.4,0.3,14.5
56,20190225,30.6,72.3,1.1,16.4
57,20190226,28.7,82.6,0.0,16.3
58,20190227,30.0,73.0,0.0,9.0
59,20190228,29.1,79.6,1.4,5.9
60,20190301,30.4,78.9,1.2,19.0
61,20190302,31.4,83.4,0.0,27.8
62,20190303,33.7,93.2,0.0,24.7
63,20190304,30.3,87.8,0.3,5.7
64,20190305,30.2,77.8,0.7,10.5
65,20190306,28.4,85.9,1.2,19.1
66,20190307,30.9,82.2,0.8,21.7
67,20190308,30.8,73.1,0.0,14.8
68,20190309,30.1,70.3,1.0,21.1
69,20190310,31.7,76.0,0.0,22.0
70,20190311,27.5,70.0,0.2,15.9
71,20190312,29.7,80.7,0.0,26.4
72,20190313,31.5,77.6,0.4,24.9
73,20190314,31.1,78.4,1.3,18.5
74,20190315,30.2,78.1,0.0,14.5
75,20190316,32.6,98.1,0.8,7.4
76,20190317,29.3,89.5,0.0,23.1
77,20190318,31.6,92.9,0.4,6.1
78,20190319,29.6,86.8,0.8,23.8
79,20190320,32.1,79.3,0.5,14.0
80,20190321,33.0,81.1,0.0,6.5
81,20190322,33.1,79.2,0.0,10.8
82,20190323,29.0,89.0,0.8,11.0
83,20190324,30.2,77.3,0.0,14.9
84,20190325,29.6,77.0,0.0,15.7
85,20190326,31.5,89.2,0.0,15.7
86,20190327,30.3,88.3,0.6,16.0
87,20190328,33.4,67.2,0.0,18.1
88,20190329,29.0,91.8,0.0,10.6
89,20190330,31.0,76.8,0.3,0.0
90,20190331,31.7,86.7,0.0,10.5
91,20190401,32.2,76.2,0.0,17.8
92,20190402,31.5,80.2,0.0,17.7
93,20190403,31.4,83.0,0.0,16.0
94,20190404,31.0,84.4,10.7,9.4
95,20190405,31.8,81.3,0.0,6.6
96,20190406,31.3,77.8,0.0,0.0
97,20190407,32.3,60.6,7.7,9.5
98,20190408,27.0,75.7,11.5,14.9
99,20190409,28.9,88.7,0.0,3.7
100,20190410,29.7,77.9,4.1,12.6
101,20190411,29.7,73.8,1.3,19.8
102,20190412,31.4,84.3,4.0,13.1
103,20190413,30.5,88.8,4.1,19.3
104,20190414,29.6,99.0,15.7,8.1
105,20190415,32.1,77.6,9.6,18.2
106,20190416,28.3,85.7,0.0,18.8
107,20190417,30.3,85.9,10.6,8.1
108,20190418,31.3,71.2,0.0,21.6
109,20190419,28.2,88.1,10.1,16.0
110,20190420,33.8,80.6,1.2,2.5
111,20190421,30.4,88.5,7.9,22.5
112,20190422,30.4,88.1,3.8,18.8
113,20190423,28.6,78.6,7.9,13.8
114,20190424,29.7,79.2,0.0,18.3
115,20190425,28.4,76.4,0.0,0.0
116,20190426,28.4,80.0,8.3,5.4
117,20190427,28.1,83.0,6.1,17.5
118,20190428,30.6,79.8,0.0,15.3
119,20190429,30.5,93.7,8.0,11.6
120,20190430,32.1,83.0,6.4,18.0
121,20190501,30.4,84.5,0.0,4.2
122,20190502,31.4,91.6,0.6,9.1
123,20190503,31.4,90.9,9.0,15.6
124,20190504,29.0,70.8,0.0,17.4
125,20190505,29.3,74.9,6.0,6.6
126,20190506,28.8,79.0,0.0,20.2
127,20190507,33.4,98.2,5.0,22.7
128,20190508,34.2,90.9,0.0,24.2
129,20190509,32.1,78.0,0.0,11.6
130,20190510,27.8,79.9,0.7,8.1
131,20190511,30.6,75.1,0.8,13.5
132,20190512,28.9,81.2,8.6,18.2
133,20190513,29.7,73.4,3.6,20.5
134,20190514,29.4,82.9,0.0,6.9
135,20190515,28.5,87.1,11.8,14.9
136,20190516,30.2,91.1,0.0,7.1
137,20190517,32.7,82.9,9.4,9.7
138,20190518,28.5,84.2,13.6,18.6
139,20190519,32.1,82.1,8.7,14.0
140,20190520,31.4,80.2,6.9,16.2
141,20190521,31.0,75.2,0.0,13.9
142,20190522,30.5,70.6,2.9,4.8
143,20190523,28.7,79.7,5.1,13.0
144,20190524,31.4,85.3,5.3,14.4
145,20190525,29.2,99.0,0.0,17.3
146,20190526,29.2,94.9,3.9,13.9
147,20190527,32.0,91.8,0.0,13.6
148,20190528,32.4,89.7,2.4,13.5
149,20190529,29.3,65.6,8.3,13.6
150,20190530,29.7,74.5,0.0,7.1
151,20190531,30.0,91.7,0.0,22.0
152,20190601,31.6,75.5,1.6,6.2
153,20190602,30.7,79.2,5.6,10.7
154,20190603,29.0,71.4,6.6,10.7
155,20190604,30.3,93.7,8.9,17.1
156,20190605,28.3,87.8,0.0,5.8
157,20190606,30.2,88.3,4.9,12.3
158,20190607,27.3,78.0,0.0,24.5
159,20190608,30.0,79.9,11.9,10.2
160,20190609,31.3,90.6,14.0,19.5
161,20190610,30.1,80.6,3.9,23.5
162,20190611,28.5,77.2,0.0,11.6
163,20190612,29.0,88.1,1.3,1.3
164,20190613,28.9,81.3,0.0,11.9
165,20190614,29.6,68.4,0.0,9.2
166,20190615,29.7,84.8,2.5,9.7
167,20190616,27.2,88.7,6.9,22.7
168,20190617,30.2,81.4,2.0,3.2
169,20190618,30.4,93.6,13.6,26.4
170,20190619,32.1,78.7,10.4,10.7
171,20190620,27.1,82.5,0.0,0.0
172,20190621,26.8,85.4,9.7,15.2
173,20190622,29.5,76.1,0.0,3.5
174,20190623,28.4,81.3,9.2,6.1
175,20190624,27.3,81.7,11.9,16.3
176,20190625,29.5,85.1,4.5,9.3
177,20190626,28.2,83.9,0.6,15.6
178,20190627,27.4,79.1,8.3,7.5
179,20190628,28.7,79.8,8.1,11.7
180,20190629,30.0,87.9,12.4,12.5
181,20190630,27.3,88.1,11.0,14.5
182,20190701,28.4,82.2,7.5,11.1
183,20190702,27.4,88.7,7.9,8.9
184,20190703,27.9,81.1,12.8,11.2
185,20190704,26.0,90.5,8.6,13.5
186,20190705,26.5,86.2,8.1,21.5
187,20190706,27.5,74.2,0.0,20.0
188,20190707,26.7,86.3,0.0,17.2
189,20190708,28.9,81.7,8.5,15.3
190,20190709,28.6,83.1,12.3,18.8
191,20190710,28.1,75.6,2.3,8.5
192,20190711,27.8,87.8,0.0,14.7
193,20190712,26.4,81.6,2.4,14.7
194,20190713,26.5,79.0,0.0,9.5
195,20190714,32.0,84.7,0.3,15.4
196,20190715,24.0,75.0,11.0,0.0
197,20190716,27.8,80.5,13.8,0.0
198,20190717,27.5,84.5,16.1,9.6
199,20190718,26.3,92.2,0.9,16.4
200,20190719,28.2,84.4,2.2,23.3
201,20190720,26.4,93.7,5.7,10.8
202,20190721,27.1,91.4,0.0,25.0
203,20190722,29.0,92.1,0.0,24.6
204,20190723,28.5,95.8,3.6,9.3
205,20190724,27.6,74.5,0.0,14.7
206,20190725,26.5,68.7,0.0,25.6
207,20190726,25.8,72.5,0.6,21.5
208,20190727,26.2,77.7,0.0,21.0
209,20190728,28.0,74.7,5.7,13.5
210,20190729,26.1,82.7,2.2,14.2
211,20190730,27.1,66.1,12.5,8.1
212,20190731,25.4,86.3,5.3,8.1
213,20190801,26.8,85.0,9.9,20.3
214,20190802,24.9,84.8,0.0,14.7
215,20190803,23.7,75.1,1.3,12.0
216,20190804,27.3,83.1,13.4,19.7
217,20190805,24.2,80.5,1.2,13.1
218,20190806,25.7,82.2,0.0,27.9
219,20190807,24.7,85.3,0.2,11.9
220,20190808,26.7,84.4,0.0,22.6
221,20190809,24.8,80.3,3.7,13.1
222,20190810,25.2,98.4,0.0,11.4
223,20190811,27.2,81.0,5.6,8.6
224,20190812,25.7,76.3,3.6,9.3
225,20190813,27.4,93.0,5.4,20.1
226,20190814,24.8,83.5,0.8,22.3
227,20190815,27.1,68.4,3.5,10.4
228,20190816,25.2,84.3,2.0,17.6
229,20190817,27.8,73.7,0.0,16.7
230,20190818,26.6,87.9,13.1,0.0
231,20190819,26.7,89.0,6.4,0.8
232,20190820,24.3,96.7,10.6,22.2
233,20190821,23.4,85.2,1.9,20.3
234,20190822,26.1,66.2,0.0,12.8
235,20190823,23.9,81.0,12.3,21.0
236,20190824,26.6,83.3,5.4,12.5
237,20190825,24.2,87.2,6.4,0.0
238,20190826,24.4,77.6,5.9,20.4
239,20190827,25.2,83.2,15.9,15.8
240,20190828,24.6,89.1,0.0,19.8
241,20190829,22.6,97.4,0.0,18.3
242,20190830,23.2,81.4,1.9,19.2
243,20190831,24.9,77.9,4.6,20.2
244,20190901,25.0,90.1,1.4,13.0
245,20190902,24.0,66.2,2.7,4.3
246,20190903,25.4,75.3,4.2,26.3
247,20190904,25.8,95.0,2.9,29.2
248,20190905,24.7,86.7,0.0,30.2
249,20190906,27.0,82.5,1.5,23.4
250,20190907,24.0,78.9,7.9,11.3
251,20190908,24.4,77.3,4.2,9.4
252,20190909,27.5,79.1,0.0,16.9
253,20190910,24.1,67.4,0.0,14.3
254,20190911,25.1,86.3,3.5,13.3
255,20190912,23.3,85.6,0.7,8.2
256,20190913,24.4,67.7,7.0,12.3
257,20190914,21.4,79.5,0.0,22.4
258,20190915,25.2,69.0,0.0,8.6
259,20190916,25.0,96.8,3.8,6.1
260,20190917,25.1,82.1,0.0,1.1
261,20190918,26.3,76.3,14.6,0.0
262,20190919,29.3,76.6,0.0,13.9
263,20190920,26.4,86.2,0.0,25.3
264,20190921,25.6,66.7,0.0,7.3
265,20190922,23.1,75.3,11.4,16.3
266,20190923,23.6,86.6,0.0,14.2
267,20190924,25.0,84.9,0.3,9.7
268,20190925,23.6,86.6,0.0,11.4
269,20190926,23.7,74.4,0.0,12.8
270,20190927,25.6,77.5,0.0,21.7
271,20190928,26.6,85.0,0.5,9.1
272,20190929,24.1,90.5,0.0,17.7
273,20190930,23.5,85.6,0.0,14.2
274,20191001,26.2,93.7,0.1,10.1
275,20191002,25.4,71.1,0.0,11.3
276,20191003,23.3,96.2,0.6,12.1
277,20191004,23.6,87.9,0.0,34.8
278,20191005,25.1,75.3,0.3,17.4
279,20191006,24.1,72.8,1.2,18.4
280,20191007,27.2,85.2,1.4,20.9
281,20191008,22.2,84.3,0.0,13.9
282,20191009,24.7,76.6,0.0,12.3
283,20191010,24.4,80.1,0.1,11.7
284,20191011,24.9,83.2,1.5,19.1
285,20191012,23.4,87.8,0.0,18.3
286,20191013,23.4,78.0,1.2,14.7
287,20191014,22.8,82.5,0.4,2.1
288,20191015,25.2,81.3,1.2,11.2
289,20191016,26.2,83.0,2.3,10.2
290,20191017,24.0,84.3,0.0,7.4
291,20191018,25.6,82.5,1.3,10.1
292,20191019,25.7,72.0,0.0,14.9
293,20191020,23.0,82.4,0.0,26.4
294,20191021,27.7,72.9,0.9,1.7
295,20191022,23.6,85.7,1.3,11.6
296,20191023,26.5,76.8,0.4,10.0
297,20191024,27.0,75.8,0.2,20.5
298,20191025,26.8,83.8,0.0,0.3
299,20191026,27.3,77.2,0.6,11.8
300,20191027,25.3,92.3,0.8,13.0
301,20191028,26.2,83.4,0.0,9.4
302,20191029,24.5,74.9,0.9,3.5
303,20191030,23.5,89.3,0.3,14.3
304,20191031,22.2,85.8,0.0,7.8
305,20191101,26.7,75.9,0.0,28.3
306,20191102,27.1,82.1,0.0,22.6
307,20191103,25.8,66.5,0.3,11.2
308,20191104,27.6,83.9,0.0,4.7
309,20191105,25.8,84.5,0.7,9.7
310,20191106,26.3,82.0,1.7,10.8
311,20191107,25.2,86.4,1.4,13.1
312,20191108,26.4,96.3,0.0,0.0
313,20191109,25.8,96.9,0.0,7.9
314,20191110,24.6,79.4,0.9,26.0
315,20191111,26.8,81.7,0.8,21.4
316,20191112,25.2,87.3,2.3,21.6
317,20191113,24.2,89.1,0.0,12.7
318,20191114,27.4,80.2,0.5,3.0
319,20191115,25.1,77.3,2.1,13.2
320,20191116,25.4,91.8,0.0,22.6
321,20191117,24.5,79.0,1.0,8.5
322,20191118,24.7,84.9,1.3,17.8
323,20191119,27.1,86.7,0.0,12.8
324,20191120,26.4,89.1,0.3,23.6
325,20191121,26.0,68.8,1.0,22.1
326,20191122,26.9,72.2,0.0,14.1
327,20191123,28.2,84.7,1.5,8.7
328,20191124,25.8,90.5,0.0,14.3
329,20191125,24.6,84.8,0.0,1.1
330,20191126,28.0,73.9,1.4,14.3
331,20191127,26.7,72.1,0.6,18.9
332,20191128,26.0,79.3,0.0,23.1
333,20191129,27.0,85.0,3.3,13.9
334,20191130,26.9,83.1,0.4,21.1
335,20191201,25.2,88.3,0.5,18.5
336,20191202,28.3,93.3,0.0,23.2
337,20191203,25.0,82.0,0.2,19.7
338,20191204,26.6,71.0,0.0,18.3
339,20191205,28.3,78.3,0.6,17.1
340,20191206,26.5,93.0,0.0,17.0
341,20191207,25.9,77.4,0.6,11.9
342,20191208,26.9,82.6,0.0,11.0
343,20191209,25.8,76.5,0.0,9.6
344,20191210,28.0,82.7,0.0,8.4
345,20191211,25.6,80.4,1.0,18.3
346,20191212,27.4,71.7,1.2,9.7
347,20191213,28.9,80.3,0.0,6.0
348,20191214,26.5,97.1,1.3,20.0
349,20191215,24.9,86.6,0.0,8.6
350,20191216,26.7,85.7,2.0,17.8
351,20191217,29.8,92.2,0.2,28.0
352,20191218,26.1,85.6,0.7,8.8
353,20191219,27.4,71.0,1.1,17.0
354,20191220,27.3,70.7,0.0,2.0
355,20191221,25.5,74.5,1.2,6.3
356,20191222,29.8,76.4,0.1,5.0
357,20191223,26.8,81.9,0.0,23.2
358,20191224,25.8,77.0,0.0,16.4
359,20191225,27.6,80.5,0.3,15.0
360,20191226,26.2,84.7,0.0,13.4
361,20191227,28.6,78.5,0.0,8.9
362,20191228,25.9,69.9,1.1,14.5
363,20191229,27.5,87.9,0.9,6.5
364,20191230,26.5,92.2,1.6,21.5
365,20191231,27.0,92.1,1.1,10.3
366,20200101,29.9,84.9,0.7,22.2
367,20200102,29.4,95.7,0.7,23.9
368,20200103,27.7,81.9,0.1,2.2
369,20200104,28.5,78.0,2.3,8.6
370,20200105,29.0,85.3,2.4,10.1
371,20200106,29.8,89.1,0.0,16.3
372,20200107,29.0,74.6,0.0,12.4
373,20200108,25.8,92.4,0.0,10.4
374,20200109,28.6,72.0,1.3,12.1
375,20200110,29.4,83.1,0.3,14.6
376,20200111,27.7,81.2,0.0,8.8
377,20200112,28.3,86.6,0.3,11.9
378,20200113,28.7,83.7,0.2,17.6
379,20200114,28.3,76.2,1.4,12.1
380,20200115,29.4,75.5,0.2,20.9
381,20200116,27.6,72.2,0.0,6.6
382,20200117,27.6,74.6,1.4,0.2
383,20200118,29.4,75.0,0.0,35.4
384,20200119,29.3,84.7,0.0,19.5
385,20200120,29.3,83.0,0.0,20.4
386,20200121,29.8,90.4,1.9,23.1
387,20200122,29.4,71.7,0.0,11.2
388,20200123,30.9,75.1,0.1,22.4
389,20200124,29.3,82.3,1.7,16.5
390,20200125,28.5,84.4,0.0,21.8
391,20200126,30.4,72.4,0.0,9.0
392,20200127,31.3,76.1,0.7,20.5
393,20200128,29.0,85.3,0.0,20.0
394,20200129,28.5,79.9,1.5,15.4
395,20200130,28.6,78.6,0.0,16.3
396,20200131,27.6,97.9,0.0,21.8
397,20200201,31.3,81.1,0.2,12.0
398,20200202,30.7,88.0,0.7,10.3
399,20200203,29.0,69.7,0.0,23.2
400,20200204,27.5,84.4,0.0,8.9
401,20200205,29.9,84.1,0.0,0.0
402,20200206,29.3,87.7,0.7,3.2
403,20200207,31.1,84.1,0.0,27.9
404,20200208,27.8,88.2,0.1,19.1
405,20200209,29.2,73.9,0.0,1.5
406,20200210,31.5,72.9,0.6,6.6
407,20200211,31.2,75.6,0.1,12.8
408,20200212,29.4,83.2,0.6,15.2
409,20200213,29.2,75.8,2.0,15.3
410,20200214,32.7,87.3,0.0,0.0
411,20200215,29.7,86.5,0.1,8.1
412,20200216,29.5,79.0,1.9,8.9
413,20200217,30.2,81.8,1.5,22.8
414,20200218,29.7,80.4,0.0,22.5
415,20200219,30.2,80.4,0.4,10.9
416,20200220,28.7,83.7,0.9,25.7
417,20200221,31.5,81.5,0.0,22.3
418,20200222,32.9,83.7,1.0,13.3
419,20200223,29.2,86.4,1.1,19.9
420,20200224,30.4,69.3,0.1,18.9
421,20200225,33.2,81.0,0.0,25.0
422,20200226,26.8,73.8,0.0,1.5
423,20200227,28.7,78.3,0.9,33.8
424,20200228,30.6,83.0,0.1,22.3
425,20200229,30.0,84.5,0.0,11.9
426,20200301,31.8,81.9,0.0,18.6
427,20200302,30.1,76.9,0.0,8.4
428,20200303,30.7,76.7,0.0,11.7
429,20200304,29.9,77.4,1.0,6.2
430,20200305,31.8,82.2,0.1,13.0
431,20200306,30.0,89.6,0.5,11.9
432,20200307,27.7,90.3,0.0,9.4
433,20200308,28.1,80.3,0.4,22.1
434,20200309,27.7,80.2,0.0,11.5
435,20200310,27.5,87.8,1.3,20.5
436,20200311,30.8,76.6,1.7,10.7
437,20200312,32.1,79.3,0.0,24.5
438,20200313,32.3,87.2,1.3,13.0
439,20200314,28.2,91.1,0.1,15.4
440,20200315,30.3,76.9,0.0,22.3
441,20200316,30.7,91.7,0.0,14.3
442,20200317,31.5,88.4,1.1,3.1
443,20200318,29.5,75.6,1.7,16.2
444,20200319,27.6,80.5,2.5,12.3
445,20200320,30.4,91.4,0.0,9.4
446,20200321,31.0,83.3,0.0,13.4
447,20200322,30.3,70.2,1.0,10.8
448,20200323,30.5,81.4,0.0,14.5
449,20200324,30.1,78.3,1.7,0.5
450,20200325,30.9,69.5,0.0,11.3
451,20200326,32.1,78.1,1.3,14.6
452,20200327,32.1,76.5,0.0,2.4
453,20200328,30.7,74.5,0.4,11.8
454,20200329,33.2,90.3,0.0,14.8
455,20200330,29.5,94.8,0.0,24.1
456,20200331,30.3,94.3,0.0,8.2
457,20200401,29.9,91.5,0.0,15.8
458,20200402,31.5,72.7,6.8,11.3
459,20200403,33.0,82.1,0.0,18.2
460,20200404,29.8,74.6,0.0,17.2
461,20200405,33.6,80.8,2.6,6.0
462,20200406,32.5,87.3,0.0,12.1
463,20200407,30.3,92.2,0.0,19.2
464,20200408,31.9,97.7,0.0,24.3
465,20200409,30.5,99.0,14.7,14.2
466,20200410,32.0,75.5,0.0,1.9
467,20200411,31.4,76.6,0.0,2.7
468,20200412,31.9,84.4,0.0,12.1
469,20200413,29.8,77.0,0.0,4.4
470,20200414,30.9,75.7,10.6,14.6
471,20200415,31.6,84.8,4.6,13.1
472,20200416,33.2,81.2,0.0,25.6
473,20200417,30.0,82.2,1.9,8.1
474,20200418,30.6,87.2,4.2,22.3
475,20200419,33.7,78.5,3.7,20.6
476,20200420,31.9,81.1,0.0,26.0
477,20200421,26.0,79.2,15.0,24.7
478,20200422,32.5,80.8,16.0,0.8
479,20200423,29.8,87.1,0.0,8.9
480,20200424,29.9,78.9,8.1,17.2
481,20200425,30.7,74.7,0.0,15.2
482,20200426,31.0,86.3,0.0,21.7
483,20200427,30.7,88.2,6.2,13.2
484,20200428,31.5,91.9,9.6,19.2
485,20200429,30.1,82.2,0.1,19.6
486,20200430,32.2,71.3,0.0,15.3
487,20200501,31.0,82.1,4.5,19.8
488,20200502,32.6,83.9,0.8,7.8
489,20200503,31.9,88.6,6.6,5.6
490,20200504,30.6,80.7,10.2,10.7
491,20200505,28.6,83.3,7.2,0.0
492,20200506,30.2,87.5,12.6,16.1
493,20200507,27.4,78.7,0.0,17.9
494,20200508,31.4,85.0,15.8,10.2
495,20200509,32.4,76.5,0.0,11.2
496,20200510,29.1,85.5,4.2,21.6
497,20200511,30.2,65.2,3.8,18.0
498,20200512,32.3,83.0,5.3,11.4
499,20200513,30.5,85.4,3.2,1.5
500,20200514,32.5,92.1,0.5,13.9
501,20200515,32.4,82.7,8.0,22.6
502,20200516,32.0,82.1,5.4,16.2
503,20200517,29.9,81.3,13.4,14.3
504,20200518,30.7,88.6,0.2,17.4
505,20200519,29.4,73.0,9.7,17.5
506,20200520,29.5,94.1,0.0,8.9
507,20200521,27.4,85.2,3.7,18.7
508,20200522,26.9,83.5,0.0,17.5
509,20200523,31.7,81.0,0.0,21.9
510,20200524,30.9,84.3,0.0,22.7
511,20200525,31.1,77.9,12.0,3.1
512,20200526,33.4,81.0,4.4,17.2
513,20200527,31.2,83.7,11.6,15.6
514,20200528,30.1,83.8,5.5,12.6
515,20200529,30.5,91.8,0.0,16.7
516,20200530,29.7,90.2,6.1,14.8
517,20200531,30.6,94.1,2.7,11.1
518,20200601,31.3,90.7,2.4,29.0
519,20200602,27.3,74.6,7.4,20.4
520,20200603,31.8,89.1,1.6,23.0
521,20200604,33.0,70.5,4.1,15.8
522,20200605,29.5,88.7,0.0,25.0
523,20200606,30.4,75.9,4.8,15.0
524,20200607,30.2,82.0,2.2,21.1
525,20200608,30.9,82.8,7.3,11.9
526,20200609,28.3,76.3,2.9,8.1
527,20200610,30.5,72.1,3.7,7.3
528,20200611,28.9,69.8,9.9,13.9
529,20200612,30.6,68.6,1.5,20.2
530,20200613,27.0,81.6,0.0,21.2
531,20200614,29.4,83.8,0.0,13.4
532,20200615,31.0,81.5,0.0,11.4
533,20200616,28.0,80.0,0.0,24.0
534,20200617,28.3,83.1,0.0,23.5
535,20200618,28.9,93.5,10.8,9.6
536,20200619,28.2,70.3,0.0,10.4
537,20200620,26.5,97.6,6.7,14.0
538,20200621,27.8,85.8,1.8,21.6
539,20200622,27.9,91.1,11.4,15.1
540,20200623,30.7,86.4,0.0,7.9
541,20200624,28.4,83.1,7.5,0.0
542,20200625,26.7,88.4,1.7,10.2
543,20200626,27.9,72.2,3.6,25.9
544,20200627,29.8,74.6,9.2,26.0
545,20200628,29.4,81.4,1.5,17.9
546,20200629,27.0,74.9,0.0,3.8
547,20200630,31.3,88.1,2.3,17.5
548,20200701,28.9,79.0,7.8,18.4
549,20200702,30.3,79.3,0.0,19.6
550,20200703,27.7,78.9,4.3,17.4
551,20200704,28.7,65.8,3.7,17.4
552,20200705,25.1,71.9,0.0,14.0
553,20200706,29.0,84.2,3.2,1.6
554,20200707,27.0,92.9,3.6,12.5
555,20200708,27.9,81.7,0.0,26.4
556,20200709,26.9,87.5,0.0,17.0
557,20200710,28.7,68.3,8.6,0.0
558,20200711,29.5,73.9,1.9,16.8
559,20200712,28.8,73.5,0.3,22.2
560,20200713,26.0,85.5,0.0,25.5
561,20200714,26.9,82.7,0.0,4.1
562,20200715,25.6,70.2,0.4,14.0
563,20200716,29.0,75.2,2.7,11.4
564,20200717,24.7,86.7,7.7,18.4
565,20200718,25.7,84.6,3.5,9.1
566,20200719,28.5,72.1,10.5,11.9
567,20200720,25.6,75.0,4.1,11.0
568,20200721,26.0,78.5,3.8,23.8
569,20200722,27.0,82.8,5.0,23.3
570,20200723,25.5,92.0,0.9,13.2
571,20200724,22.9,73.8,1.6,3.6
572,20200725,27.9,83.9,13.7,15.9
573,20200726,27.6,73.1,13.7,8.0
574,20200727,24.6,80.1,1.3,9.5
575,20200728,27.4,85.2,0.0,1.6
576,20200729,25.6,89.5,3.2,6.1
577,20200730,23.9,89.5,2.7,13.4
578,20200731,25.6,73.5,1.2,15.3
579,20200801,25.2,89.8,7.8,26.0
580,20200802,25.8,75.5,0.0,7.1
581,20200803,27.7,83.6,2.6,21.5
582,20200804,28.6,74.9,7.0,14.2
583,20200805,23.9,91.5,9.3,9.7
584,20200806,25.4,75.1,2.9,3.7
585,20200807,23.4,80.7,0.0,7.4
586,20200808,26.2,69.3,0.0,16.9
587,20200809,27.2,80.6,8.6,16.9
588,20200810,27.0,88.9,0.0,15.4
589,20200811,25.7,80.0,7.5,18.3
590,20200812,25.5,88.5,2.7,28.6
591,20200813,27.2,80.3,14.0,10.5
592,20200814,23.3,87.3,5.3,18.8
593,20200815,26.9,85.7,0.0,7.4
594,20200816,26.0,75.4,0.0,30.7
595,20200817,26.0,76.1,0.3,11.7
596,20200818,24.5,85.7,1.1,4.4
597,20200819,24.7,90.4,8.0,5.3
598,20200820,24.3,86.5,0.0,13.1
599,20200821,24.2,92.7,6.1,6.1
600,20200822,26.2,78.2,3.8,14.3
601,20200823,26.0,75.7,0.0,15.3
602,20200824,25.0,89.3,0.6,16.5
603,20200825,25.3,82.3,12.6,12.3
604,20200826,26.5,86.7,11.4,14.9
605,20200827,28.9,90.9,0.8,18.7
606,20200828,24.3,77.8,4.6,12.4
607,20200829,23.1,75.3,11.6,13.1
608,20200830,27.8,90.0,7.4,9.5
609,20200831,27.7,80.4,0.9,16.2
610,20200901,25.4,92.6,1.6,22.1
611,20200902,24.0,83.2,1.4,14.3
612,20200903,26.8,81.4,13.1,23.0
613,20200904,22.7,94.2,11.2,6.2
614,20200905,26.3,78.4,2.6,18.2
615,20200906,24.8,81.0,0.0,25.1
616,20200907,26.5,89.8,8.0,19.4
617,20200908,28.4,88.4,0.0,3.5
618,20200909,26.5,81.8,10.0,9.2
619,20200910,24.7,82.8,0.0,10.1
620,20200911,26.3,77.2,2.7,9.1
621,20200912,23.8,79.3,0.0,16.4
622,20200913,25.9,76.2,3.0,9.2
623,20200914,25.3,89.8,3.0,18.1
624,20200915,26.8,70.7,7.1,23.8
625,20200916,28.8,86.0,9.0,16.4
626,20200917,24.5,80.5,10.0,6.0
627,20200918,25.3,76.5,0.0,0.2
628,20200919,25.7,84.8,0.0,23.7
629,20200920,23.5,81.8,6.0,8.1
630,20200921,26.9,86.4,0.1,14.1
631,20200922,26.9,78.5,0.0,14.3
632,20200923,25.0,87.6,5.1,17.3
633,20200924,25.0,81.8,0.0,19.4
634,20200925,25.0,77.9,1.5,20.6
635,20200926,26.5,84.8,4.6,20.4
636,20200927,26.3,84.0,9.6,5.0
637,20200928,24.0,72.1,0.0,13.8
638,20200929,26.3,75.3,6.6,12.5
639,20200930,23.2,79.4,6.2,25.6
640,20201001,25.8,76.7,2.3,9.2
641,20201002,25.7,81.6,0.7,20.5
642,20201003,23.8,86.7,0.1,23.1
643,20201004,24.8,77.8,1.1,27.1
644,20201005,26.1,82.8,0.0,20.5
645,20201006,24.7,81.9,0.5,8.8
646,20201007,24.5,84.2,1.5,20.8
647,20201008,23.0,78.5,0.7,17.7
648,20201009,22.1,75.5,1.4,16.8
649,20201010,27.1,83.2,0.5,17.4
650,20201011,23.6,81.2,1.7,18.3
651,20201012,23.4,77.8,0.0,15.7
652,20201013,23.9,93.8,0.0,14.2
653,20201014,23.3,94.7,0.7,0.0
654,20201015,24.1,74.4,1.9,14.0
655,20201016,26.4,79.7,1.0,29.3
656,20201017,24.9,74.1,0.0,7.6
657,20201018,24.0,91.3,0.2,9.7
658,20201019,27.1,79.2,0.1,19.7
659,20201020,24.6,79.9,0.0,24.4
660,20201021,25.1,74.3,0.4,17.1
661,20201022,25.9,99.0,0.0,14.4
662,20201023,25.5,81.7,0.0,13.9
663,20201024,25.7,72.6,2.0,11.2
664,20201025,24.5,88.0,0.4,3.4
665,20201026,24.0,73.7,0.0,12.6
666,20201027,23.5,84.0,0.0,15.6
667,20201028,25.4,96.2,0.0,13.5
668,20201029,27.6,72.5,1.4,16.9
669,20201030,26.9,86.9,0.0,21.5
670,20201031,24.1,84.4,0.5,37.2
671,20201101,24.8,81.0,0.7,11.9
672,20201102,24.1,79.7,0.0,22.1
673,20201103,23.7,87.3,1.5,26.1
674,20201104,27.8,76.1,2.3,11.9
675,20201105,23.4,92.4,0.0,11.0
676,20201106,26.2,77.9,0.2,18.7
677,20201107,22.8,93.9,0.0,9.8
678,20201108,25.6,80.0,0.6,15.7
679,20201109,25.5,79.8,1.1,21.8
680,20201110,25.3,80.2,0.0,0.7
681,20201111,27.4,69.2,0.0,22.7
682,20201112,26.1,83.6,1.2,16.3
683,20201113,26.6,79.3,1.2,0.0
684,20201114,27.7,77.5,0.0,36.5
685,20201115,26.0,78.1,2.4,10.3
686,20201116,26.3,79.1,0.2,6.9
687,20201117,26.6,91.9,0.0,15.1
688,20201118,26.8,81.1,0.7,11.5
689,20201119,26.0,84.3,1.1,23.3
690,20201120,24.1,88.4,1.9,8.1
691,20201121,26.4,80.9,0.0,11.2
692,20201122,24.3,81.2,0.2,18.4
693,20201123,24.8,81.3,0.0,5.9
694,20201124,30.0,86.0,2.7,13.3
695,20201125,27.6,75.7,0.1,2.7
696,20201126,27.8,76.1,0.0,4.4
697,20201127,29.3,80.4,0.1,16.5
698,20201128,24.7,89.8,1.2,17.1
699,20201129,26.4,72.0,0.0,14.5
700,20201130,27.9,81.7,0.9,5.4
701,20201201,26.9,94.5,0.9,7.5
702,20201202,27.5,84.5,0.0,13.8
703,20201203,22.8,76.6,0.0,26.8
704,20201204,27.4,70.4,0.0,8.1
705,20201205,28.0,90.7,2.8,4.9
706,20201206,27.6,76.3,0.0,13.1
707,20201207,25.5,76.6,0.8,16.6
708,20201208,26.3,75.2,1.5,16.2
709,20201209,27.5,88.7,0.0,10.2
710,20201210,26.5,90.6,0.4,14.2
711,20201211,28.1,80.8,0.0,7.3
712,20201212,26.9,81.6,0.4,23.5
713,20201213,29.1,83.6,2.0,18.3
714,20201214,29.3,84.9,0.5,18.1
715,20201215,29.2,71.6,0.3,18.4
716,20201216,27.0,77.6,0.0,14.9
717,20201217,28.4,99.0,0.0,18.2
718,20201218,30.2,81.0,0.1,14.7
719,20201219,28.1,99.0,0.0,17.8
720,20201220,27.9,94.2,2.6,0.0
721,20201221,25.8,86.0,0.0,28.3
722,20201222,28.9,84.6,0.0,23.2
723,20201223,28.8,70.9,0.0,10.2
724,20201224,27.9,87.1,0.3,14.1
725,20201225,26.6,84.9,0.0,13.9
726,20201226,27.1,75.1,0.5,26.9
727,20201227,30.6,79.8,0.3,15.8
728,20201228,28.0,89.9,0.1,12.3
729,20201229,27.3,92.7,0.1,10.5
730,20201230,27.7,77.6,0.5,26.2
731,20201231,28.8,84.0,0.0,15.8
732,20210101,27.9,86.6,1.1,4.9
733,20210102,26.5,77.5,0.9,21.9
734,20210103,30.6,82.3,0.2,9.5
735,20210104,25.5,78.3,0.4,10.0
736,20210105,25.2,75.4,1.3,22.0
737,20210106,28.7,69.6,0.0,16.2
738,20210107,28.1,86.7,0.6,18.7
739,20210108,30.7,75.5,1.2,22.6
740,20210109,29.3,87.5,0.0,20.1
741,20210110,31.9,64.7,1.9,19.1
742,20210111,29.6,81.8,0.0,29.3
743,20210112,31.5,80.6,1.0,9.9
744,20210113,29.5,78.0,0.0,12.9
745,20210114,29.5,83.4,0.6,8.8
746,20210115,29.5,86.8,0.7,6.4
747,20210116,29.6,80.2,0.0,21.5
748,20210117,32.0,73.9,2.3,16.8
749,20210118,30.6,72.6,0.0,12.6
750,20210119,28.6,80.5,1.5,15.2
751,20210120,27.1,84.1,0.0,14.5
752,20210121,27.9,78.5,0.7,14.3
753,20210122,29.4,82.9,0.0,21.8
754,20210123,30.1,70.4,0.0,15.1
755,20210124,27.3,82.7,0.0,7.5
756,20210125,30.0,82.6,0.0,15.1
757,20210126,29.9,73.7,2.3,1.3
758,20210127,30.5,92.5,1.5,14.6
759,20210128,30.1,95.5,0.0,19.9
760,20210129,27.4,75.5,0.1,14.5
761,20210130,29.8,75.5,0.3,9.0
762,20210131,29.8,72.5,0.0,13.6
763,20210201,32.4,77.9,0.3,28.6
764,20210202,30.4,80.6,0.0,15.8
765,20210203,30.7,83.1,0.1,22.9
766,20210204,28.7,82.2,1.2,11.0
767,20210205,29.1,81.4,3.9,25.2
768,20210206,29.1,86.6,2.0,2.8
769,20210207,31.2,91.7,1.5,28.5
770,20210208,31.9,80.9,0.0,11.4
771,20210209,29.8,97.5,1.4,30.9
772,20210210,26.3,80.6,0.0,15.7
773,20210211,30.6,84.2,0.6,13.6
774,20210212,29.1,81.9,0.0,24.9
775,20210213,28.1,80.2,0.8,0.0
776,20210214,33.8,84.6,0.4,14.1
777,20210215,32.8,81.9,0.3,19.9
778,20210216,30.9,84.1,0.0,19.2
779,20210217,30.3,83.1,0.0,23.8
780,20210218,30.1,89.2,0.4,14.9
781,20210219,30.4,75.4,0.0,20.3
782,20210220,28.9,72.7,0.0,13.0
783,20210221,29.0,80.4,0.0,9.3
784,20210222,30.0,78.1,1.0,11.7
785,20210223,31.6,89.1,2.0,14.5
786,20210224,28.0,85.9,0.0,23.4
787,20210225,31.6,84.3,0.3,18.5
788,20210226,29.0,76.9,0.0,8.1
789,20210227,31.3,73.5,0.5,20.6
790,20210228,30.8,81.7,0.0,12.2
791,20210301,29.4,71.5,0.8,23.0
792,20210302,31.3,87.1,0.0,14.9
793,20210303,31.9,91.8,0.0,15.0
794,20210304,32.4,72.5,2.2,1.2
795,20210305,31.3,85.4,0.0,11.9
796,20210306,28.1,82.4,0.0,2.7
797,20210307,31.7,89.3,0.9,12.1
798,20210308,31.7,97.7,0.3,14.5
799,20210309,29.3,70.8,0.7,24.1
800,20210310,31.2,82.9,0.9,4.6
801,20210311,29.6,79.1,1.4,18.9
802,20210312,31.7,75.4,0.0,20.2
803,20210313,30.9,70.7,0.0,12.0
804,20210314,28.4,75.0,0.0,6.8
805,20210315,27.9,86.4,0.0,8.1
806,20210316,30.6,81.7,1.7,17.1
807,20210317,32.9,74.5,0.0,19.5
808,20210318,32.9,75.2,1.7,16.4
809,20210319,30.3,86.4,0.7,27.4
810,20210320,31.0,77.3,1.0,15.7
811,20210321,29.6,77.7,0.0,8.9
812,20210322,28.8,81.7,0.0,14.3
813,20210323,30.7,78.6,0.1,2.3
814,20210324,30.0,91.6,1.2,8.7
815,20210325,32.8,85.4,0.0,19.6
816,20210326,30.9,79.5,0.5,20.1
817,20210327,31.4,90.1,0.0,13.2
818,20210328,29.7,78.8,0.1,16.5
819,20210329,29.0,77.5,0.4,13.7
820,20210330,30.1,68.3,0.9,7.7
821,20210331,31.5,84.3,0.0,0.0
822,20210401,29.9,78.6,12.7,6.6
823,20210402,30.3,82.3,7.2,15.7
824,20210403,31.8,87.3,0.0,19.7
825,20210404,34.3,81.7,0.9,19.5
826,20210405,31.2,85.2,9.0,13.7
827,20210406,31.4,73.9,8.3,14.3
828,20210407,31.0,71.0,5.4,18.9
829,20210408,31.9,87.6,14.5,29.1
830,20210409,30.8,81.1,2.3,11.9
831,20210410,29.5,78.6,11.9,23.2
832,20210411,30.0,79.6,9.4,15.2
833,20210412,31.8,88.0,0.0,14.1
834,20210413,34.2,89.4,4.0,9.2
835,20210414,30.7,81.7,2.3,18.7
836,20210415,32.4,75.0,1.6,17.0
837,20210416,23.7,84.1,11.9,0.0
838,20210417,29.9,74.0,8.7,16.2
839,20210418,30.5,73.8,2.1,17.7
840,20210419,30.6,81.1,0.0,19.7
841,20210420,30.5,83.3,0.3,29.4
842,20210421,31.2,86.7,0.0,17.8
843,20210422,30.8,80.2,11.0,6.7
844,20210423,34.3,76.3,0.0,23.2
845,20210424,32.2,82.0,0.0,5.5
846,20210425,32.4,81.7,13.3,6.0
847,20210426,31.3,91.7,13.0,16.4
848,20210427,28.1,92.9,0.0,6.0
849,20210428,31.4,74.7,13.7,18.2
850,20210429,33.1,80.3,5.2,5.4
851,20210430,28.4,87.4,8.4,31.0
852,20210501,33.4,93.1,0.0,21.8
853,20210502,30.4,70.0,16.1,24.1
854,20210503,32.5,75.8,5.8,22.1
855,20210504,29.8,97.1,5.8,14.8
856,20210505,31.1,80.9,0.0,24.3
857,20210506,29.9,87.0,0.0,16.0
858,20210507,32.1,91.5,10.6,17.9
859,20210508,30.2,92.0,3.8,12.0
860,20210509,32.1,73.5,2.3,14.0
861,20210510,30.1,80.7,2.6,19.9
862,20210511,29.4,66.3,2.4,20.6
863,20210512,31.2,70.3,4.1,18.2
864,20210513,29.6,67.7,6.4,18.5
865,20210514,31.6,89.2,16.8,27.6
866,20210515,30.5,88.3,4.9,4.3
867,20210516,29.6,91.4,8.1,20.4
868,20210517,29.7,79.6,0.9,6.3
869,20210518,29.1,75.7,5.0,11.5
870,20210519,28.8,86.9,1.9,13.3
871,20210520,29.8,98.3,0.0,18.1
872,20210521,30.3,74.3,0.0,17.7
873,20210522,29.8,86.3,0.3,9.7
874,20210523,34.2,83.9,7.4,6.7
875,20210524,28.4,90.4,0.5,0.0
876,20210525,30.0,77.4,0.0,21.3
877,20210526,30.6,80.4,0.0,15.0
878,20210527,29.1,79.6,5.7,14.3
879,20210528,29.6,80.2,5.1,20.8
880,20210529,29.9,80.3,3.8,9.0
881,20210530,29.7,82.7,7.2,20.1
882,20210531,28.5,85.3,0.0,6.4
883,20210601,32.8,72.5,0.0,14.1
884,20210602,28.5,80.8,2.4,23.1
885,20210603,29.2,83.4,11.9,13.6
886,20210604,29.5,87.1,9.8,19.8
887,20210605,29.4,76.9,9.8,16.9
888,20210606,32.6,90.9,4.4,16.2
889,20210607,27.3,87.7,0.0,19.2
890,20210608,29.4,80.4,0.0,3.1
891,20210609,29.8,79.8,0.8,14.5
892,20210610,30.3,79.0,4.1,12.6
893,20210611,28.6,82.5,14.0,0.0
894,20210612,27.2,82.1,4.6,9.7
895,20210613,28.5,81.4,3.8,6.0
896,20210614,27.0,91.1,3.4,10.8
897,20210615,29.2,67.7,0.0,35.0
898,20210616,26.3,75.7,4.1,11.6
899,20210617,29.8,86.4,0.0,14.3
900,20210618,27.6,86.4,5.4,25.6
901,20210619,29.7,83.6,6.3,1.3
902,20210620,29.4,84.4,7.8,8.3
903,20210621,31.8,71.8,6.1,24.5
904,20210622,29.2,88.5,0.0,4.4
905,20210623,29.6,75.7,7.2,18.8
906,20210624,24.9,98.1,4.6,19.2
907,20210625,29.2,73.6,0.0,11.6
908,20210626,26.8,74.5,6.4,21.8
909,20210627,28.6,89.7,6.1,4.5
910,20210628,28.1,82.7,7.6,9.8
911,20210629,31.7,76.2,0.0,7.2
912,20210630,29.6,73.5,0.0,0.0
913,20210701,29.9,72.4,0.0,10.3
914,20210702,28.5,81.9,14.8,19.6
915,20210703,32.2,88.1,8.8,17.0
916,20210704,26.0,84.0,0.0,26.3
917,20210705,25.3,73.2,6.3,8.1
918,20210706,26.3,87.4,5.9,12.5
919,20210707,28.3,76.6,0.0,12.4
920,20210708,26.1,90.6,1.2,16.1
921,20210709,29.4,89.8,0.0,20.9
922,20210710,26.6,75.7,2.9,13.0
923,20210711,31.1,85.3,5.6,22.5
924,20210712,26.2,84.4,0.0,15.9
925,20210713,28.0,83.7,5.9,0.0
926,20210714,26.5,90.2,8.8,7.2
927,20210715,26.8,75.3,15.4,12.3
928,20210716,27.9,86.4,0.0,13.0
929,20210717,27.3,81.0,9.4,8.4
930,20210718,25.9,73.8,5.5,23.4
931,20210719,26.8,82.7,0.0,0.6
932,20210720,32.4,66.9,3.7,14.2
933,20210721,26.7,78.3,7.5,25.4
934,20210722,26.9,79.8,5.6,11.6
935,20210723,29.1,81.6,3.5,17.7
936,20210724,25.1,89.4,3.3,6.0
937,20210725,26.1,82.1,0.0,33.5
938,20210726,27.2,83.6,5.0,17.1
939,20210727,26.7,83.8,0.0,12.2
940,20210728,26.9,77.5,0.0,8.6
941,20210729,29.8,88.5,0.0,6.7
942,20210730,26.1,84.9,0.0,20.2
943,20210731,25.9,82.8,7.4,10.0
944,20210801,30.5,86.0,6.7,9.1
945,20210802,25.2,96.8,0.0,6.5
946,20210803,25.8,86.8,3.2,11.3
947,20210804,26.5,85.4,0.0,20.5
948,20210805,24.0,78.3,10.2,9.2
949,20210806,24.8,97.0,3.4,0.7
950,20210807,27.2,68.4,9.6,15.7
951,20210808,26.6,88.4,3.2,17.8
952,20210809,26.4,86.7,0.0,34.1
953,20210810,26.3,76.9,2.4,21.6
954,20210811,26.0,77.1,12.3,8.8
955,20210812,25.6,88.0,6.9,17.3
956,20210813,24.2,67.3,0.0,15.3
957,20210814,23.8,75.5,5.3,16.3
958,20210815,25.5,76.8,6.6,10.7
959,20210816,24.6,80.3,0.4,9.2
960,20210817,26.8,74.9,3.7,18.8
961,20210818,28.6,97.4,6.3,16.7
962,20210819,27.2,74.9,10.5,14.8
963,20210820,24.9,85.8,0.0,19.0
964,20210821,26.4,86.0,16.9,12.8
965,20210822,24.3,71.7,11.4,23.7
966,20210823,27.3,64.1,0.0,18.6
967,20210824,27.3,76.6,0.0,13.6
968,20210825,24.0,74.7,0.0,10.8
969,20210826,23.2,65.8,14.8,7.6
970,20210827,25.5,81.0,9.0,24.5
971,20210828,25.9,77.5,0.0,14.1
972,20210829,25.1,99.0,10.7,19.6
973,20210830,27.8,88.4,0.0,7.8
974,20210831,27.4,66.2,0.0,15.8
975,20210901,28.2,85.0,3.7,1.8
976,20210902,24.4,78.1,3.8,6.2
977,20210903,20.9,73.2,13.6,11.7
978,20210904,25.6,73.7,2.9,13.1
979,20210905,22.2,84.3,4.1,23.8
980,20210906,25.6,85.9,4.1,19.8
981,20210907,25.6,85.2,21.0,11.4
982,20210908,22.5,78.4,0.0,24.6
983,20210909,24.7,79.3,1.8,24.4
984,20210910,24.0,82.7,1.8,7.2
985,20210911,25.1,83.6,12.5,22.4
986,20210912,24.9,84.8,12.7,25.8
987,20210913,22.1,73.9,7.5,23.7
988,20210914,26.3,76.8,2.6,23.3
989,20210915,26.0,86.5,0.0,22.1
990,20210916,26.4,74.9,4.6,11.8
991,20210917,25.2,75.4,1.2,16.2
992,20210918,26.6,87.6,7.7,4.2
993,20210919,26.5,75.9,2.4,27.2
994,20210920,24.0,74.7,5.9,5.9
995,20210921,23.4,85.3,0.0,20.0
996,20210922,26.8,85.6,0.0,17.2
997,20210923,23.9,80.4,0.0,16.7
998,20210924,23.0,87.8,5.8,9.6
999,20210925,24.1,72.4,0.0,13.0
1000,20210926,26.9,82.3,0.0,22.4
1001,20210927,25.6,86.4,4.3,12.5
1002,20210928,24.3,91.9,3.4,18.5
1003,20210929,25.2,85.1,0.0,11.8
1004,20210930,24.2,73.8,4.8,16.3
1005,20211001,25.7,82.6,0.0,22.5
1006,20211002,23.8,74.2,0.0,7.8
1007,20211003,23.7,91.5,0.5,17.6
1008,20211004,26.0,90.1,1.1,26.1
1009,20211005,23.3,86.3,0.0,19.1
1010,20211006,24.5,88.9,0.0,12.5
1011,20211007,24.7,75.5,0.0,15.1
1012,20211008,25.8,84.9,0.0,26.2
1013,20211009,25.1,82.4,0.0,20.1
1014,20211010,24.8,84.9,1.2,7.1
1015,20211011,24.7,72.3,0.8,19.0
1016,20211012,24.4,75.6,1.0,0.0
1017,20211013,24.4,79.2,0.0,21.7
1018,20211014,25.2,88.6,0.8,13.0
1019,20211015,19.3,90.0,0.0,26.0
1020,20211016,24.2,94.2,0.0,20.9
1021,20211017,26.9,77.0,0.1,21.5
1022,20211018,27.0,74.2,0.8,24.7
1023,20211019,26.4,88.6,0.0,19.8
1024,20211020,27.9,79.1,0.1,5.0
1025,20211021,27.7,93.8,0.7,14.9
1026,20211022,24.8,89.0,1.0,13.1
1027,20211023,25.2,73.8,0.0,7.9
1028,20211024,24.4,85.2,0.0,4.4
1029,20211025,25.7,87.4,0.4,13.2
1030,20211026,25.7,74.6,0.0,26.6
1031,20211027,26.4,92.1,0.0,6.1
1032,20211028,24.4,92.0,1.3,5.3
1033,20211029,25.8,83.8,0.3,26.1
1034,20211030,24.6,85.1,1.0,13.8
1035,20211031,25.0,73.2,0.0,17.9
1036,20211101,22.5,91.4,0.0,21.3
1037,20211102,23.8,63.9,0.0,3.1
1038,20211103,24.0,77.8,1.6,9.3
1039,20211104,26.6,78.2,0.0,12.2
1040,20211105,24.1,80.7,1.1,4.0
1041,20211106,26.3,73.9,0.0,17.2
1042,20211107,24.7,81.1,0.0,14.0
1043,20211108,26.6,76.2,0.7,17.8
1044,20211109,24.2,83.4,0.7,2.5
1045,20211110,25.8,81.2,0.0,12.1
1046,20211111,25.7,85.4,0.6,12.8
1047,20211112,25.9,82.2,0.7,17.7
1048,20211113,27.6,75.5,0.0,18.9
1049,20211114,27.5,69.3,1.8,11.9
1050,20211115,23.1,69.1,0.2,14.1
1051,20211116,24.7,82.1,0.0,20.5
1052,20211117,23.2,81.3,1.4,10.0
1053,20211118,25.9,86.6,0.0,10.0
1054,20211119,24.8,84.3,1.6,7.0
1055,20211120,27.6,80.3,0.8,10.8
1056,20211121,24.7,78.1,0.0,16.2
1057,20211122,26.9,89.4,1.7,15.2
1058,20211123,28.6,83.8,1.5,29.5
1059,20211124,25.4,78.7,0.0,21.8
1060,20211125,26.3,79.5,0.7,28.2
1061,20211126,23.8,77.5,0.0,16.2
1062,20211127,24.5,76.7,0.0,22.7
1063,20211128,25.8,72.8,0.8,8.8
1064,20211129,30.7,76.1,0.0,19.0
1065,20211130,26.3,83.5,0.0,9.2
1066,20211201,28.1,85.5,0.2,17.9
1067,20211202,28.6,84.9,2.6,8.1
1068,20211203,26.4,84.2,0.0,19.2
1069,20211204,26.8,86.2,0.0,15.4
1070,20211205,27.3,82.1,0.4,8.8
1071,20211206,24.3,87.0,0.0,10.5
1072,20211207,25.1,75.6,0.0,18.3
1073,20211208,27.5,70.4,0.3,11.6
1074,20211209,25.9,82.9,1.5,18.2
1075,20211210,30.2,75.0,0.0,23.4
1076,20211211,27.2,74.8,0.0,11.8
1077,20211212,26.5,77.2,0.0,18.3
1078,20211213,27.0,79.7,1.4,27.3
1079,20211214,27.0,61.5,0.2,11.9
1080,20211215,29.5,80.0,0.0,16.8
1081,20211216,26.8,80.0,0.7,14.8
1082,20211217,30.5,74.8,0.0,8.1
1083,20211218,27.1,90.0,0.0,13.2
1084,20211219,29.8,89.1,0.1,18.3
1085,20211220,27.0,72.6,0.8,19.1
1086,20211221,26.8,80.2,0.0,22.0
1087,20211222,26.1,78.4,0.6,17.2
1088,20211223,29.8,71.8,1.6,13.9
1089,20211224,26.9,72.4,0.4,8.4
1090,20211225,27.3,82.5,2.5,14.9
1091,20211226,29.1,85.1,0.0,13.8
1092,20211227,29.5,88.9,0.0,16.5
1093,20211228,28.1,89.4,2.0,22.2
1094,20211229,26.9,85.8,1.5,17.0
1095,20211230,27.3,80.5,1.5,20.6
1096,20211231,30.4,86.5,1.3,12.1
1097,20220101,29.4,74.5,0.8,9.8
1098,20220102,28.1,82.2,0.5,21.4
1099,20220103,28.1,73.6,0.7,14.3
1100,20220104,28.6,71.5,0.0,22.6
1101,20220105,26.4,86.6,0.5,19.7
1102,20220106,28.3,80.7,0.4,22.7
1103,20220107,27.0,65.1,0.0,14.8
1104,20220108,30.9,94.0,1.1,21.4
1105,20220109,26.7,91.9,0.3,9.7
1106,20220110,27.8,78.2,1.1,13.2
1107,20220111,28.1,88.9,0.0,21.6
1108,20220112,29.6,79.1,0.9,14.6
1109,20220113,27.8,83.4,1.5,22.8
1110,20220114,26.4,74.4,0.0,9.4
1111,20220115,26.9,80.5,0.5,8.7
1112,20220116,28.3,84.9,0.0,15.0
1113,20220117,27.3,87.0,0.9,18.6
1114,20220118,28.9,76.4,1.6,4.2
1115,20220119,28.8,58.5,1.5,19.8
1116,20220120,30.6,81.9,0.0,14.7
1117,20220121,30.2,89.3,0.2,16.1
1118,20220122,25.9,88.3,0.0,9.7
1119,20220123,29.2,80.0,0.0,12.6
1120,20220124,28.1,81.5,0.4,18.3
1121,20220125,29.9,81.5,0.0,30.9
1122,20220126,31.2,73.9,1.5,1.2
1123,20220127,26.5,78.1,1.7,8.7
1124,20220128,29.9,75.1,0.5,0.6
1125,20220129,29.2,94.2,0.0,14.6
1126,20220130,26.4,78.9,0.0,9.3
1127,20220131,30.0,83.7,1.2,17.2
1128,20220201,28.6,74.5,0.0,20.0
1129,20220202,30.9,85.7,0.0,17.9
1130,20220203,29.4,78.7,0.0,7.8
1131,20220204,30.6,76.2,1.4,27.2
1132,20220205,28.2,73.3,0.4,8.1
1133,20220206,30.3,83.6,0.0,18.4
1134,20220207,31.0,83.0,0.0,26.0
1135,20220208,28.5,86.9,1.9,2.4
1136,20220209,29.7,81.2,0.1,16.3
1137,20220210,29.8,90.7,0.6,8.1
1138,20220211,26.3,75.4,0.0,23.0
1139,20220212,30.0,78.7,0.0,15.8
1140,20220213,31.2,75.3,0.0,6.7
1141,20220214,27.9,77.5,0.0,9.2
1142,20220215,29.6,77.3,0.0,16.9
1143,20220216,29.5,87.2,0.7,20.5
1144,20220217,29.7,83.0,0.0,10.4
1145,20220218,29.2,92.2,0.4,5.3
1146,20220219,30.9,77.4,0.6,19.9
1147,20220220,30.4,86.0,0.0,16.4
1148,20220221,29.8,81.1,0.3,0.0
1149,20220222,32.9,85.8,1.9,11.7
1150,20220223,33.5,80.6,0.0,15.1
1151,20220224,29.2,82.4,0.5,26.0
1152,20220225,31.6,82.9,1.3,14.5
1153,20220226,31.1,73.1,0.0,15.2
1154,20220227,32.3,99.0,0.1,14.8
1155,20220228,30.5,86.9,0.0,27.6
1156,20220301,29.6,79.5,0.0,29.4
1157,20220302,30.9,83.7,0.0,33.3
1158,20220303,30.5,78.0,0.5,7.1
1159,20220304,30.4,77.6,0.1,11.2
1160,20220305,31.8,85.7,1.4,19.5
1161,20220306,31.3,82.6,0.6,16.8
1162,20220307,29.9,84.2,0.5,7.9
1163,20220308,29.5,85.8,0.3,10.9
1164,20220309,33.7,79.3,0.0,21.5
1165,20220310,30.1,83.9,0.0,23.7
1166,20220311,30.3,75.7,0.0,22.0
1167,20220312,32.5,79.4,1.5,15.9
1168,20220313,28.9,70.3,0.8,20.3
1169,20220314,30.1,68.9,0.0,15.2
1170,20220315,30.4,67.6,0.0,23.3
1171,20220316,30.9,80.6,0.2,19.3
1172,20220317,33.0,89.7,1.4,13.0
1173,20220318,31.6,91.4,0.0,9.5
1174,20220319,31.8,75.3,0.0,11.5
1175,20220320,33.2,81.6,0.5,20.7
1176,20220321,29.2,75.7,0.0,9.1
1177,20220322,31.1,76.4,0.2,25.1
1178,20220323,31.7,83.8,1.0,17.1
1179,20220324,30.7,79.5,1.5,19.9
1180,20220325,30.7,86.8,0.0,8.0
1181,20220326,32.6,71.7,0.3,15.4
1182,20220327,33.4,94.0,0.0,17.5
1183,20220328,29.6,90.9,0.0,5.8
1184,20220329,28.0,87.8,0.2,0.0
1185,20220330,31.8,86.8,0.1,2.8
1186,20220331,31.5,76.4,0.0,27.5
1187,20220401,32.7,84.6,4.8,12.6
1188,20220402,30.4,72.3,6.9,12.6
1189,20220403,31.0,90.9,1.1,16.2
1190,20220404,30.2,84.1,8.5,14.1
1191,20220405,32.7,80.1,3.5,15.9
1192,20220406,33.6,82.6,0.5,8.4
1193,20220407,29.5,87.0,1.9,22.5
1194,20220408,31.8,83.7,0.0,12.4
1195,20220409,27.3,79.3,0.0,6.7
1196,20220410,30.2,83.1,0.0,9.2
1197,20220411,30.8,81.6,3.9,5.4
1198,20220412,30.7,92.4,0.0,17.3
1199,20220413,30.1,91.6,1.0,9.8
1200,20220414,30.6,76.3,0.7,16.5
1201,20220415,29.0,99.0,3.0,3.5
1202,20220416,33.1,82.6,0.0,12.8
1203,20220417,31.8,88.9,0.0,25.5
1204,20220418,28.5,82.3,0.0,13.5
1205,20220419,33.0,74.8,2.3,3.4
1206,20220420,32.0,91.5,8.8,14.6
1207,20220421,28.9,75.4,0.0,23.2
1208,20220422,32.4,74.6,0.0,7.9
1209,20220423,30.6,94.6,2.5,17.7
1210,20220424,31.9,79.5,3.1,19.4
1211,20220425,29.5,71.3,14.5,21.1
1212,20220426,28.6,74.3,1.9,22.6
1213,20220427,27.7,75.4,0.0,22.4
1214,20220428,30.5,85.6,7.0,6.3
1215,20220429,29.8,78.3,7.6,11.9
1216,20220430,31.9,89.3,6.9,17.5
1217,20220501,31.7,87.9,0.0,20.6
1218,20220502,30.7,89.0,8.8,25.5
1219,20220503,30.0,83.9,0.0,8.9
1220,20220504,29.2,81.7,0.0,12.7
1221,20220505,28.9,73.2,8.6,19.4
1222,20220506,31.9,80.7,14.2,16.1
1223,20220507,32.1,75.7,2.1,20.2
1224,20220508,32.2,84.4,10.9,18.8
1225,20220509,30.9,69.9,15.3,7.2
1226,20220510,32.0,91.7,8.8,12.0
1227,20220511,31.1,80.4,2.8,17.4
1228,20220512,31.9,75.5,0.0,19.8
1229,20220513,31.4,76.6,8.0,22.1
1230,20220514,29.2,84.9,0.0,29.8
1231,20220515,29.4,82.1,0.0,15.9
1232,20220516,33.5,86.0,0.9,0.0
1233,20220517,30.2,99.0,4.0,3.3
1234,20220518,29.2,82.2,0.0,1.7
1235,20220519,30.7,83.8,6.1,14.8
1236,20220520,29.0,84.6,2.9,19.0
1237,20220521,29.7,82.1,0.0,14.5
1238,20220522,30.4,76.9,6.2,29.9
1239,20220523,28.7,84.9,11.3,13.7
1240,20220524,30.5,90.1,2.5,9.8
1241,20220525,28.2,77.5,3.8,5.9
1242,20220526,30.3,74.2,0.0,9.7
1243,20220527,29.3,78.8,3.7,17.1
1244,20220528,26.8,87.1,2.2,20.7
1245,20220529,29.2,76.6,0.0,4.0
1246,20220530,31.6,88.0,14.8,19.2
1247,20220531,27.5,79.9,7.7,17.4
1248,20220601,28.7,79.0,2.2,20.1
1249,20220602,29.1,77.1,8.6,12.0
1250,20220603,32.0,77.6,10.6,14.3
1251,20220604,29.1,80.9,0.0,13.2
1252,20220605,27.3,74.4,6.8,12.7
1253,20220606,28.1,84.7,0.0,12.1
1254,20220607,29.0,85.4,11.8,16.3
1255,20220608,27.9,87.5,7.6,19.7
1256,20220609,30.1,76.3,10.6,22.7
1257,20220610,28.1,82.7,0.0,5.9
1258,20220611,28.3,82.6,5.8,20.4
1259,20220612,28.0,74.7,0.0,8.1
1260,20220613,29.7,78.2,0.0,13.0
1261,20220614,28.0,87.4,1.1,25.7
1262,20220615,29.1,83.0,0.0,28.7
1263,20220616,28.1,82.4,9.2,18.4
1264,20220617,29.9,80.5,2.3,15.8
1265,20220618,26.2,82.2,5.7,27.1
1266,20220619,26.4,82.7,10.0,4.7
1267,20220620,28.6,82.2,0.0,13.9
1268,20220621,28.0,73.0,8.8,20.1
1269,20220622,26.9,96.2,9.6,8.8
1270,20220623,26.5,82.0,0.0,18.5
1271,20220624,30.6,76.7,0.0,29.5
1272,20220625,28.0,78.6,3.2,17.8
1273,20220626,25.6,73.4,0.0,22.4
1274,20220627,31.4,82.5,1.3,12.2
1275,20220628,26.2,93.6,0.0,29.7
1276,20220629,27.7,78.3,4.1,22.9
1277,20220630,27.6,99.0,7.9,8.9
1278,20220701,28.5,74.6,0.0,12.5
1279,20220702,27.2,96.4,14.0,17.7
1280,20220703,29.3,73.8,0.0,13.5
1281,20220704,27.6,79.2,3.9,11.7
1282,20220705,27.8,95.4,0.0,17.9
1283,20220706,26.8,82.7,6.5,15.6
1284,20220707,28.3,76.1,17.5,15.4
1285,20220708,27.5,86.1,1.7,17.2
1286,20220709,31.0,79.4,0.0,15.6
1287,20220710,27.5,88.7,2.6,10.7
1288,20220711,27.1,82.6,0.0,18.8
1289,20220712,28.0,87.1,0.0,22.7
1290,20220713,26.3,77.0,10.3,14.8
1291,20220714,27.9,94.3,0.0,20.7
1292,20220715,27.4,81.8,12.2,26.6
1293,20220716,28.8,84.5,5.7,12.5
1294,20220717,27.7,96.4,5.6,5.3
1295,20220718,27.4,85.0,0.0,16.0
1296,20220719,29.1,80.8,0.7,22.0
1297,20220720,25.4,84.0,4.3,9.7
1298,20220721,27.6,86.9,0.0,26.6
1299,20220722,28.2,87.9,4.6,11.5
1300,20220723,26.1,75.5,4.8,23.5
1301,20220724,26.9,83.0,4.0,20.6
1302,20220725,27.2,81.2,5.4,8.4
1303,20220726,29.9,86.8,3.8,10.6
1304,20220727,26.7,89.4,3.9,14.4
1305,20220728,28.6,78.2,2.4,1.9
1306,20220729,26.3,83.4,4.1,4.4
1307,20220730,27.0,83.6,10.7,12.0
1308,20220731,27.6,71.1,6.8,13.9
1309,20220801,24.9,99.0,5.1,3.3
1310,20220802,24.4,88.7,12.7,0.9
1311,20220803,27.1,84.9,0.0,24.6
1312,20220804,27.5,86.2,0.0,12.5
1313,20220805,25.2,78.8,2.4,16.8
1314,20220806,26.0,83.5,5.3,17.5
1315,20220807,26.0,71.0,0.0,13.0
1316,20220808,25.9,88.0,5.4,12.8
1317,20220809,26.4,75.0,9.4,15.5
1318,20220810,27.3,79.8,0.0,10.7
1319,20220811,25.6,84.0,0.0,1.9
1320,20220812,24.1,72.7,1.9,19.9
1321,20220813,25.0,81.6,0.1,14.2
1322,20220814,24.3,96.7,0.0,22.0
1323,20220815,26.0,81.4,0.0,13.1
1324,20220816,24.4,79.8,0.0,7.9
1325,20220817,25.4,69.6,0.0,6.5
1326,20220818,24.7,91.4,5.2,4.3
1327,20220819,27.8,74.0,0.0,17.7
1328,20220820,26.1,87.9,2.4,23.5
1329,20220821,26.0,92.1,0.0,19.5
1330,20220822,26.0,65.0,5.2,11.5
1331,20220823,25.4,88.4,0.0,17.5
1332,20220824,26.2,84.2,0.0,10.9
1333,20220825,23.1,90.7,4.7,16.5
1334,20220826,25.0,88.7,2.3,12.5
1335,20220827,26.3,85.1,3.0,17.5
1336,20220828,25.4,83.3,4.0,23.5
1337,20220829,24.1,81.2,0.9,14.7
1338,20220830,24.6,76.7,13.4,15.5
1339,20220831,26.7,85.7,0.0,13.9
1340,20220901,27.4,72.3,4.9,13.2
1341,20220902,24.6,90.6,9.9,14.1
1342,20220903,25.4,90.8,7.4,22.2
1343,20220904,24.9,82.7,1.4,18.5
1344,20220905,25.4,92.4,0.0,11.5
1345,20220906,28.0,90.6,0.0,24.3
1346,20220907,24.1,86.2,0.0,22.8
1347,20220908,26.1,79.1,17.9,25.3
1348,20220909,23.0,77.8,0.0,7.6
1349,20220910,25.9,79.1,0.0,6.2
1350,20220911,24.3,78.8,0.7,15.6
1351,20220912,26.1,73.6,5.4,18.5
1352,20220913,23.2,93.0,1.9,15.7
1353,20220914,26.0,78.5,2.2,5.6
1354,20220915,26.3,97.5,3.4,12.5
1355,20220916,25.1,99.0,3.8,19.2
1356,20220917,23.9,75.4,0.8,12.2
1357,20220918,24.5,81.6,3.0,21.4
1358,20220919,24.5,85.9,0.0,22.6
1359,20220920,24.5,77.0,9.6,15.9
1360,20220921,24.5,78.7,0.0,17.9
1361,20220922,25.6,72.6,1.6,23.4
1362,20220923,23.7,77.1,0.0,7.0
1363,20220924,25.8,86.7,0.0,17.6
1364,20220925,24.9,73.1,9.6,9.6
1365,20220926,25.2,79.6,3.9,19.8
1366,20220927,25.7,87.1,1.4,3.0
1367,20220928,24.4,78.3,0.0,4.5
1368,20220929,26.5,78.4,0.0,6.2
1369,20220930,28.5,87.3,1.1,22.9
1370,20221001,25.4,76.4,1.0,21.4
1371,20221002,24.2,92.0,0.0,3.1
1372,20221003,22.4,79.8,1.1,8.2
1373,20221004,24.6,85.2,0.0,14.5
1374,20221005,25.6,82.9,0.0,20.2
1375,20221006,23.5,90.0,0.0,12.0
1376,20221007,26.5,80.8,0.0,13.1
1377,20221008,25.5,83.4,2.4,9.8
1378,20221009,26.0,79.2,0.0,17.2
1379,20221010,23.0,87.3,0.3,6.9
1380,20221011,26.9,81.0,0.0,14.8
1381,20221012,23.1,94.6,0.0,10.3
1382,20221013,23.9,75.6,0.0,5.4
1383,20221014,25.0,90.7,0.0,14.8
1384,20221015,26.3,84.9,0.0,2.0
1385,20221016,27.7,70.1,0.0,19.6
1386,20221017,26.4,81.2,0.0,18.9
1387,20221018,22.8,82.7,0.0,13.2
1388,20221019,27.5,80.6,0.0,13.9
1389,20221020,25.2,81.6,0.0,18.6
1390,20221021,24.1,74.0,0.4,18.4
1391,20221022,28.2,80.5,0.0,8.3
1392,20221023,21.6,82.4,0.8,15.4
1393,20221024,24.8,92.0,0.4,19.2
1394,20221025,24.8,77.6,0.0,12.2
1395,20221026,25.3,82.4,0.4,9.4
1396,20221027,24.3,77.2,1.1,19.2
1397,20221028,22.8,93.0,0.8,17.2
1398,20221029,24.7,70.8,0.0,10.4
1399,20221030,24.0,81.6,0.0,21.1
1400,20221031,24.6,85.3,0.8,24.7
1401,20221101,26.0,65.7,0.0,20.8
1402,20221102,25.4,78.6,0.0,9.8
1403,20221103,26.4,75.4,0.0,13.7
1404,20221104,26.2,86.4,0.1,13.9
1405,20221105,26.5,82.3,1.9,15.9
1406,20221106,25.6,71.8,1.5,17.6
1407,20221107,25.2,90.3,1.7,18.2
1408,20221108,24.7,80.2,0.0,22.0
1409,20221109,25.2,84.7,0.0,27.2
1410,20221110,25.6,79.9,1.0,13.5
1411,20221111,29.1,93.4,0.8,11.4
1412,20221112,25.2,79.3,0.0,19.4
1413,20221113,26.0,70.1,0.0,19.7
1414,20221114,28.4,78.2,0.0,2.0
1415,20221115,29.3,88.1,0.0,7.3
1416,20221116,25.5,87.7,0.4,26.7
1417,20221117,26.1,92.5,0.0,12.1
1418,20221118,24.0,81.9,1.3,13.6
1419,20221119,23.6,82.0,1.2,19.4
1420,20221120,25.4,82.5,1.4,16.8
1421,20221121,26.8,84.9,0.9,13.9
1422,20221122,23.9,76.4,0.0,16.1
1423,20221123,27.7,93.9,0.3,8.8
1424,20221124,26.2,85.4,0.0,6.8
1425,20221125,27.3,66.1,0.0,3.2
1426,20221126,25.2,80.8,0.0,9.3
1427,20221127,25.1,73.8,0.6,17.9
1428,20221128,28.7,84.2,0.0,15.6
1429,20221129,24.1,70.3,1.2,24.4
1430,20221130,25.8,79.3,0.2,2.5
1431,20221201,26.4,71.7,0.5,11.1
1432,20221202,27.3,78.3,0.9,12.7
1433,20221203,26.8,73.5,1.4,15.1
1434,20221204,27.0,73.8,0.6,16.9
1435,20221205,27.5,81.6,1.8,3.6
1436,20221206,27.0,68.0,0.0,11.0
1437,20221207,28.2,76.4,0.0,15.4
1438,20221208,26.5,77.0,0.0,24.5
1439,20221209,26.3,81.2,2.0,13.1
1440,20221210,26.2,74.2,0.4,21.2
1441,20221211,26.5,80.9,0.9,17.0
1442,20221212,29.2,82.1,0.6,16.3
1443,20221213,25.2,84.1,0.7,13.4
1444,20221214,25.8,93.6,0.0,7.7
1445,20221215,24.9,79.5,1.4,25.3
1446,20221216,27.8,69.0,0.0,15.8
1447,20221217,26.6,91.9,0.0,7.3
1448,20221218,25.0,87.8,1.7,0.0
1449,20221219,28.4,94.3,0.0,24.1
1450,20221220,26.9,86.1,0.3,21.7
1451,20221221,28.7,95.9,0.0,3.9
1452,20221222,24.8,74.7,1.2,19.7
1453,20221223,27.8,86.6,0.0,17.4
1454,20221224,25.2,79.1,0.0,8.9
1455,20221225,26.3,69.4,1.2,26.9
1456,20221226,27.3,76.3,2.4,19.2
1457,20221227,28.9,84.1,0.9,0.8
1458,20221228,27.0,81.8,0.0,10.3
1459,20221229,28.5,93.3,0.0,7.9
1460,20221230,27.6,65.1,0.0,12.3
1461,20221231,27.9,75.8,1.2,4.8
1462,20230101,30.9,83.6,0.0,11.1
1463,20230102,28.1,89.6,1.2,15.8
1464,20230103,27.4,69.6,0.0,15.6
1465,20230104,28.4,88.5,0.0,4.4
1466,20230105,27.8,88.3,0.0,1.7
1467,20230106,30.7,92.6,0.7,10.3
1468,20230107,28.1,83.1,0.7,13.6
1469,20230108,28.8,87.2,1.0,9.1
1470,20230109,30.7,77.5,0.0,14.2
1471,20230110,25.7,81.0,0.0,0.0
1472,20230111,28.9,79.2,0.0,24.7
1473,20230112,28.6,84.2,0.0,6.6
1474,20230113,27.3,90.0,0.0,15.3
1475,20230114,26.6,70.8,0.0,13.7
1476,20230115,28.0,84.6,0.0,18.5
1477,20230116,30.4,76.0,0.4,9.7
1478,20230117,29.5,81.4,0.2,6.4
1479,20230118,29.5,75.2,0.7,21.1
1480,20230119,30.7,88.7,0.0,10.2
1481,20230120,26.3,89.3,0.0,22.3
1482,20230121,29.2,87.2,0.1,2.6
1483,20230122,28.3,94.0,0.1,7.6
1484,20230123,29.3,74.6,1.0,19.8
1485,20230124,31.3,82.9,0.0,16.0
1486,20230125,28.7,84.7,0.0,4.6
1487,20230126,29.1,77.2,1.5,9.4
1488,20230127,30.0,79.5,0.0,6.7
1489,20230128,28.4,80.1,2.2,11.6
1490,20230129,30.9,81.3,0.0,1.5
1491,20230130,29.0,76.2,0.0,14.8
1492,20230131,27.9,86.9,0.0,9.8
1493,20230201,29.6,89.4,1.4,12.8
1494,20230202,27.0,95.2,0.5,28.0
1495,20230203,31.3,95.3,0.9,11.4
1496,20230204,29.2,83.8,0.0,3.2
1497,20230205,26.0,87.1,2.0,9.9
1498,20230206,29.8,80.1,1.7,8.7
1499,20230207,30.9,70.7,0.1,12.8
1500,20230208,29.5,83.4,2.4,6.9
1501,20230209,29.9,75.1,0.0,23.4
1502,20230210,29.8,76.6,0.0,20.2
1503,20230211,30.0,95.7,0.2,24.0
1504,20230212,29.3,92.0,1.4,26.7
1505,20230213,28.5,81.2,0.8,0.0
1506,20230214,29.2,76.0,2.0,14.2
1507,20230215,30.0,81.4,0.0,9.2
1508,20230216,29.4,78.1,1.4,27.3
1509,20230217,28.5,91.5,0.0,4.6
1510,20230218,32.7,85.4,0.0,20.7
1511,20230219,28.0,82.9,2.2,20.2
1512,20230220,30.6,81.0,1.4,15.0
1513,20230221,30.7,87.4,0.0,22.5
1514,20230222,32.3,87.4,0.0,14.7
1515,20230223,28.3,78.6,0.0,9.2
1516,20230224,30.1,76.8,1.6,11.5
1517,20230225,33.1,76.1,0.0,19.2
1518,20230226,30.7,85.5,0.0,11.2
1519,20230227,28.6,84.8,0.2,20.7
1520,20230228,29.9,80.8,0.6,15.1
1521,20230301,31.9,81.3,1.0,14.5
1522,20230302,31.3,77.0,0.0,20.0
1523,20230303,29.4,95.5,0.0,19.9
1524,20230304,31.0,75.9,0.0,22.2
1525,20230305,30.7,79.6,0.1,6.9
1526,20230306,30.5,72.3,0.9,16.6
1527,20230307,29.7,71.3,0.2,15.2
1528,20230308,31.6,84.3,0.0,13.0
1529,20230309,30.0,81.7,1.7,17.8
1530,20230310,31.7,90.9,0.5,8.6
1531,20230311,31.5,79.9,0.4,12.6
1532,20230312,30.6,66.1,1.0,11.1
1533,20230313,32.9,88.8,0.5,11.2
1534,20230314,30.3,85.8,0.0,12.4
1535,20230315,30.2,79.7,0.0,13.2
1536,20230316,29.8,85.9,0.0,28.0
1537,20230317,32.5,76.7,0.0,18.8
1538,20230318,31.1,94.3,0.1,13.9
1539,20230319,31.0,77.1,0.0,18.2
1540,20230320,29.1,79.4,0.4,14.5
1541,20230321,31.6,84.6,0.1,3.5
1542,20230322,29.5,89.8,0.0,13.4
1543,20230323,32.0,72.8,1.2,16.5
1544,20230324,31.2,81.6,0.9,18.1
1545,20230325,31.2,79.0,0.0,16.0
1546,20230326,30.0,64.7,0.0,16.5
1547,20230327,30.9,80.7,0.0,17.3
1548,20230328,31.5,69.8,0.0,14.0
1549,20230329,30.8,91.9,0.0,11.0
1550,20230330,31.2,81.3,1.1,1.1
1551,20230331,30.0,76.8,0.0,18.9
1552,20230401,30.1,85.5,10.7,0.7
1553,20230402,31.7,80.9,9.8,10.1
1554,20230403,28.7,72.3,0.0,20.0
1555,20230404,30.3,74.9,0.0,21.0
1556,20230405,30.2,79.6,0.0,14.5
1557,20230406,29.2,87.5,7.2,12.4
1558,20230407,31.0,76.2,3.6,1.6
1559,20230408,31.6,77.0,9.2,20.0
1560,20230409,32.9,77.7,0.0,14.2
1561,20230410,28.3,80.5,3.2,21.7
1562,20230411,29.1,79.4,5.4,7.1
1563,20230412,30.1,89.7,4.3,11.5
1564,20230413,29.9,75.6,12.1,16.9
1565,20230414,27.7,84.0,3.1,16.9
1566,20230415,31.1,79.4,11.2,12.8
1567,20230416,32.8,93.2,10.4,18.1
1568,20230417,28.4,84.6,0.4,8.6
1569,20230418,30.2,84.8,12.2,16.3
1570,20230419,31.4,81.1,0.0,11.1
1571,20230420,30.2,89.7,4.4,10.5
1572,20230421,31.2,74.5,6.5,18.4
1573,20230422,30.8,79.1,12.5,20.4
1574,20230423,31.8,81.5,5.7,12.8
1575,20230424,29.8,71.0,6.1,10.9
1576,20230425,32.3,86.4,0.0,0.0
1577,20230426,33.3,77.3,7.0,20.1
1578,20230427,29.6,84.5,0.0,18.5
1579,20230428,30.8,77.9,0.0,20.0
1580,20230429,31.3,87.7,4.1,21.7
1581,20230430,29.6,89.2,5.1,15.4
1582,20230501,32.3,98.0,4.9,21.1
1583,20230502,32.3,84.7,8.6,8.5
1584,20230503,29.4,77.2,10.5,20.8
1585,20230504,28.4,84.7,0.0,24.4
1586,20230505,31.8,77.7,9.4,29.5
1587,20230506,31.9,84.4,9.8,19.0
1588,20230507,32.0,80.8,1.3,16.6
1589,20230508,30.1,79.1,0.0,11.4
1590,20230509,32.4,86.1,6.2,36.3
1591,20230510,29.0,82.2,8.7,14.7
1592,20230511,32.5,80.0,0.0,8.6
1593,20230512,32.3,70.0,0.0,22.9
1594,20230513,33.3,73.5,0.3,16.3
1595,20230514,30.1,75.1,0.0,22.9
1596,20230515,27.2,67.2,0.0,10.8
1597,20230516,27.1,77.1,0.0,15.0
1598,20230517,29.0,74.7,0.0,13.3
1599,20230518,28.0,79.8,11.7,13.3
1600,20230519,29.9,81.8,13.5,24.0
1601,20230520,29.9,91.3,0.0,3.7
1602,20230521,31.3,82.5,4.7,11.2
1603,20230522,28.3,89.4,3.3,32.9
1604,20230523,30.5,83.3,10.1,15.6
1605,20230524,30.4,85.0,4.8,10.1
1606,20230525,31.3,81.4,10.4,4.4
1607,20230526,32.3,70.4,4.1,24.2
1608,20230527,31.1,95.8,1.7,8.9
1609,20230528,31.4,87.8,3.1,17.4
1610,20230529,31.7,89.9,6.2,5.2
1611,20230530,28.1,76.7,0.0,18.6
1612,20230531,31.4,92.5,7.1,17.6
1613,20230601,31.6,82.4,0.0,10.6
1614,20230602,28.0,91.1,0.0,13.9
1615,20230603,27.6,80.3,10.1,18.5
1616,20230604,27.6,92.7,2.1,1.3
1617,20230605,29.0,83.5,9.9,30.1
1618,20230606,30.2,77.3,11.7,0.9
1619,20230607,30.5,91.3,1.0,18.6
1620,20230608,32.8,77.5,10.6,8.6
1621,20230609,30.3,72.9,0.1,25.9
1622,20230610,31.3,85.0,4.2,13.2
1623,20230611,29.5,74.8,5.5,1.9
1624,20230612,29.5,84.5,0.0,7.6
1625,20230613,29.8,71.9,7.2,18.9
1626,20230614,29.9,80.2,2.2,22.0
1627,20230615,27.3,81.7,5.2,16.4
1628,20230616,31.2,94.3,9.1,14.0
1629,20230617,28.5,85.8,4.5,8.6
1630,20230618,28.4,81.1,7.3,15.7
1631,20230619,28.1,87.0,0.0,25.0
1632,20230620,25.4,84.4,8.6,19.1
1633,20230621,26.4,85.7,2.0,13.9
1634,20230622,29.3,79.5,0.0,17.8
1635,20230623,27.5,91.3,4.7,30.0
1636,20230624,30.5,78.2,10.4,25.6
1637,20230625,31.1,79.9,3.0,6.2
1638,20230626,29.6,78.1,0.0,20.4
1639,20230627,30.0,71.7,0.0,11.4
1640,20230628,27.9,95.8,5.3,19.8
1641,20230629,27.8,77.2,5.9,0.0
1642,20230630,27.3,86.3,3.1,9.2
1643,20230701,27.8,83.6,0.0,18.1
1644,20230702,28.6,80.2,0.1,0.0
1645,20230703,32.0,79.7,2.3,10.0
1646,20230704,29.4,87.9,1.2,13.2
1647,20230705,31.2,86.7,1.4,15.7
1648,20230706,28.2,79.1,3.3,15.1
1649,20230707,25.6,89.0,11.6,20.3
1650,20230708,29.4,71.1,1.0,11.8
1651,20230709,26.0,82.1,6.9,9.7
1652,20230710,25.5,69.7,5.8,18.7
1653,20230711,27.7,85.8,12.0,2.4
1654,20230712,27.6,83.5,2.7,4.4
1655,20230713,24.9,88.1,2.7,13.6
1656,20230714,26.2,77.7,0.2,16.6
1657,20230715,27.9,89.6,6.3,16.0
1658,20230716,27.1,86.1,1.8,26.1
1659,20230717,27.2,73.0,1.9,5.1
1660,20230718,26.4,84.8,0.0,16.4
1661,20230719,28.5,80.5,4.5,16.6
1662,20230720,26.8,87.3,0.0,15.5
1663,20230721,24.1,91.4,3.1,17.6
1664,20230722,28.0,77.9,1.7,13.8
1665,20230723,24.8,87.4,5.4,21.9
1666,20230724,25.5,88.1,3.7,15.7
1667,20230725,25.3,72.1,0.0,27.5
1668,20230726,28.7,89.4,6.7,17.8
1669,20230727,26.2,87.1,0.0,9.6
1670,20230728,26.2,84.6,17.1,15.9
1671,20230729,25.3,74.3,0.0,18.6
1672,20230730,27.7,83.2,1.8,19.3
1673,20230731,26.2,80.7,0.0,12.5
1674,20230801,26.5,82.2,0.0,11.2
1675,20230802,26.7,85.1,0.0,10.3
1676,20230803,25.2,79.0,3.7,17.3
1677,20230804,26.0,77.8,12.9,35.4
1678,20230805,27.4,92.6,0.0,9.7
1679,20230806,27.9,84.9,9.6,17.4
1680,20230807,27.2,83.6,7.4,10.2
1681,20230808,26.5,79.0,0.5,17.6
1682,20230809,25.9,79.4,3.3,11.6
1683,20230810,23.1,82.6,0.0,30.8
1684,20230811,26.4,78.9,8.0,13.8
1685,20230812,25.3,73.7,1.4,9.7
1686,20230813,24.4,83.4,0.0,11.7
1687,20230814,25.6,77.9,8.1,17.6
1688,20230815,25.0,69.3,3.1,14.7
1689,20230816,25.6,86.9,3.9,0.0
1690,20230817,27.5,77.9,1.5,4.6
1691,20230818,27.8,90.1,0.0,18.2
1692,20230819,26.4,84.9,0.0,14.2
1693,20230820,25.8,83.3,0.0,15.1
1694,20230821,22.8,78.6,0.0,16.4
1695,20230822,28.3,78.2,0.0,11.3
1696,20230823,23.5,80.5,6.0,8.4
1697,20230824,25.2,91.7,4.4,17.5
1698,20230825,26.0,95.7,4.9,10.4
1699,20230826,26.9,97.4,2.5,9.5
1700,20230827,24.3,74.3,4.4,23.2
1701,20230828,26.6,78.4,13.9,19.3
1702,20230829,24.0,98.4,5.4,15.4
1703,20230830,25.2,78.4,0.2,19.4
1704,20230831,25.7,81.7,0.0,17.4
1705,20230901,23.4,92.4,3.2,21.2
1706,20230902,29.6,89.1,0.0,6.2
1707,20230903,26.8,79.8,0.7,26.0
1708,20230904,24.1,66.3,0.0,8.2
1709,20230905,24.3,75.1,6.1,12.9
1710,20230906,26.7,85.4,0.7,6.2
1711,20230907,28.3,86.9,9.5,1.7
1712,20230908,24.2,90.3,0.0,2.6
1713,20230909,27.5,96.8,5.8,12.4
1714,20230910,23.6,82.8,0.0,15.8
1715,20230911,23.0,77.7,10.5,12.5
1716,20230912,27.3,73.3,0.2,17.1
1717,20230913,28.6,87.5,7.9,18.2
1718,20230914,23.2,77.4,0.0,13.2
1719,20230915,24.7,93.7,5.2,21.2
1720,20230916,26.1,92.9,9.1,16.3
1721,20230917,27.5,74.5,0.0,17.4
1722,20230918,22.0,76.0,5.2,4.8
1723,20230919,25.0,96.6,0.0,14.4
1724,20230920,23.9,78.8,0.0,21.9
1725,20230921,26.0,81.4,0.1,9.2
1726,20230922,27.8,81.6,2.5,16.9
1727,20230923,23.2,84.0,10.9,9.1
1728,20230924,23.3,83.9,0.0,21.0
1729,20230925,25.1,86.2,0.4,24.7
1730,20230926,24.4,80.2,2.0,24.9
1731,20230927,23.7,87.0,7.1,4.3
1732,20230928,26.5,64.0,0.0,0.0
1733,20230929,24.2,79.0,0.1,19.6
1734,20230930,25.8,83.9,0.0,6.9
1735,20231001,25.8,82.8,0.0,10.4
1736,20231002,26.3,79.1,0.2,13.7
1737,20231003,26.9,78.1,1.6,21.4
1738,20231004,26.1,82.8,0.0,22.2
1739,20231005,24.2,86.2,0.0,19.4
1740,20231006,25.1,73.0,0.0,18.5
1741,20231007,21.7,83.5,0.0,15.9
1742,20231008,23.3,92.4,0.2,20.5
1743,20231009,23.8,81.2,0.9,5.1
1744,20231010,28.3,70.5,0.0,15.3
1745,20231011,24.5,78.3,2.6,19.9
1746,20231012,24.8,77.2,0.0,18.5
1747,20231013,24.5,69.7,1.3,0.0
1748,20231014,24.4,76.8,0.0,11.8
1749,20231015,24.0,82.2,0.2,29.8
1750,20231016,24.7,91.9,0.1,17.2
1751,20231017,22.8,87.9,0.0,4.8
1752,20231018,24.9,82.6,0.6,4.4
1753,20231019,25.6,96.2,0.0,14.3
1754,20231020,24.3,84.3,0.2,12.0
1755,20231021,25.2,78.7,0.9,8.1
1756,20231022,26.7,75.1,0.0,10.1
1757,20231023,24.8,70.8,0.0,25.7
1758,20231024,27.1,69.8,0.9,21.6
1759,20231025,26.7,80.5,0.0,19.0
1760,20231026,23.3,80.0,0.0,23.2
1761,20231027,26.4,91.9,0.8,16.5
1762,20231028,23.2,79.2,0.0,9.8
1763,20231029,27.7,74.8,0.0,20.9
1764,20231030,23.2,68.8,0.0,17.4
1765,20231031,26.0,91.9,0.8,14.1
1766,20231101,25.7,84.8,1.3,9.1
1767,20231102,26.5,88.7,0.7,15.5
1768,20231103,23.8,83.1,0.5,22.1
1769,20231104,27.7,82.4,0.0,12.9
1770,20231105,25.9,74.0,0.4,5.5
1771,20231106,25.0,86.0,0.8,16.5
1772,20231107,26.3,78.5,0.0,11.0
1773,20231108,26.5,86.0,1.9,21.9
1774,20231109,25.5,77.8,0.8,7.5
1775,20231110,26.2,81.2,0.4,0.0
1776,20231111,24.4,77.8,0.4,20.9
1777,20231112,25.2,90.6,0.5,12.5
1778,20231113,25.9,88.0,0.1,19.7
1779,20231114,27.2,72.3,1.1,17.3
1780,20231115,27.4,99.0,0.0,10.0
1781,20231116,25.5,85.3,1.5,10.1
1782,20231117,25.8,74.9,0.4,18.9
1783,20231118,25.8,93.3,0.6,16.0
1784,20231119,25.1,75.2,0.3,4.6
1785,20231120,24.2,89.1,1.8,12.7
1786,20231121,28.2,74.6,1.8,14.2
1787,20231122,24.9,83.3,0.0,15.3
1788,20231123,25.0,82.4,0.0,22.0
1789,20231124,28.0,84.1,1.0,10.5
1790,20231125,24.6,78.8,0.0,15.2
1791,20231126,26.4,73.2,0.0,15.4
1792,20231127,27.2,91.5,0.0,16.1
1793,20231128,25.8,74.9,0.5,8.1
1794,20231129,27.3,90.0,0.0,6.4
1795,20231130,26.6,70.7,0.0,20.9
1796,20231201,27.1,84.1,0.6,23.0
1797,20231202,25.0,87.5,0.6,8.8
1798,20231203,26.6,95.2,0.0,12.6
1799,20231204,26.1,80.7,0.1,23.4
1800,20231205,26.6,99.0,1.9,5.3
1801,20231206,27.1,76.0,0.2,28.7
1802,20231207,26.9,83.7,1.1,18.8
1803,20231208,26.7,74.4,0.0,22.8
1804,20231209,27.4,91.2,0.0,8.0
1805,20231210,25.6,88.5,0.0,20.5
1806,20231211,27.1,79.3,0.0,14.9
1807,20231212,28.2,85.6,0.0,7.8
1808,20231213,27.0,83.9,0.0,10.3
1809,20231214,27.0,78.0,0.4,16.4
1810,20231215,23.7,89.7,0.0,21.2
1811,20231216,29.8,61.6,1.2,3.5
1812,20231217,26.7,99.0,1.2,12.2
1813,20231218,27.3,90.8,0.2,18.8
1814,20231219,28.2,90.7,0.0,19.9
1815,20231220,27.6,84.0,0.0,24.3
1816,20231221,25.8,79.3,0.0,16.6
1817,20231222,27.8,91.2,0.0,18.9
1818,20231223,27.0,79.4,0.5,13.0
1819,20231224,28.7,85.8,0.9,6.4
1820,20231225,28.7,85.0,0.0,13.7
1821,20231226,26.4,84.4,1.6,26.6
1822,20231227,28.9,79.4,0.0,9.4
1823,20231228,27.1,94.5,0.6,3.5
1824,20231229,27.3,76.7,0.3,8.5
1825,20231230,29.1,82.9,0.2,19.4
1826,20231231,28.0,83.0,0.0,15.2
1827,20240101,27.4,78.3,1.3,9.9
1828,20240102,25.6,87.2,0.4,4.9
1829,20240103,29.0,71.6,1.0,13.4
1830,20240104,27.6,84.2,0.0,24.1
1831,20240105,29.7,91.7,0.4,17.7
1832,20240106,31.6,84.8,0.0,20.9
1833,20240107,28.4,80.2,0.1,26.2
1834,20240108,26.7,80.7,0.9,20.6
1835,20240109,30.0,89.9,1.7,21.6
1836,20240110,27.9,74.2,0.0,10.9
1837,20240111,30.8,84.3,0.0,0.0
1838,20240112,28.4,81.8,0.0,17.5
1839,20240113,28.2,75.1,0.0,11.2
1840,20240114,31.0,81.9,1.1,11.5
1841,20240115,25.2,85.6,0.0,16.0
1842,20240116,25.7,83.5,0.0,13.9
1843,20240117,26.4,71.1,1.3,10.7
1844,20240118,27.9,82.7,0.0,13.1
1845,20240119,27.0,79.4,2.4,16.4
1846,20240120,26.9,81.3,0.0,14.7
1847,20240121,29.7,87.9,0.0,20.6
1848,20240122,27.2,89.0,2.1,32.9
1849,20240123,29.9,79.3,0.0,17.3
1850,20240124,30.3,72.7,0.0,4.2
1851,20240125,28.7,64.8,0.6,6.5
1852,20240126,31.4,59.2,1.1,15.1
1853,20240127,29.6,91.5,0.0,29.6
1854,20240128,29.6,83.7,0.3,20.5
1855,20240129,29.6,81.7,0.8,12.8
1856,20240130,29.6,88.0,0.2,4.4
1857,20240131,32.0,89.9,1.3,8.3
1858,20240201,29.5,81.7,0.5,24.0
1859,20240202,28.2,85.0,2.7,14.6
1860,20240203,30.6,78.3,0.1,20.9
1861,20240204,28.8,80.1,0.2,4.9
1862,20240205,30.5,75.0,0.4,11.9
1863,20240206,30.2,86.6,2.1,11.3
1864,20240207,27.9,91.4,0.0,9.6
1865,20240208,29.4,90.9,1.9,6.2
1866,20240209,28.6,70.4,0.1,17.1
1867,20240210,31.2,85.9,0.4,10.8
1868,20240211,27.6,87.0,0.0,1.1
1869,20240212,28.5,89.0,2.4,19.5
1870,20240213,30.1,75.6,0.7,4.5
1871,20240214,29.1,85.3,1.0,28.4
1872,20240215,29.7,89.7,0.0,16.9
1873,20240216,27.2,81.9,1.3,16.6
1874,20240217,31.6,90.3,0.0,21.5
1875,20240218,28.7,95.3,0.6,6.5
1876,20240219,33.1,79.2,0.1,8.4
1877,20240220,29.7,78.7,0.0,4.6
1878,20240221,30.3,91.9,0.4,14.1
1879,20240222,29.6,83.5,1.3,7.2
1880,20240223,31.5,87.8,0.5,10.5
1881,20240224,29.8,86.9,0.0,2.3
1882,20240225,33.2,89.1,0.0,16.3
1883,20240226,29.4,73.1,0.0,16.7
1884,20240227,31.4,86.3,0.6,15.1
1885,20240228,29.4,74.8,0.3,23.9
1886,20240229,32.4,86.0,0.0,12.5
1887,20240301,28.5,76.4,1.5,0.0
1888,20240302,30.0,81.2,0.5,19.9
1889,20240303,30.1,81.8,1.2,16.9
1890,20240304,31.4,99.0,0.0,8.9
1891,20240305,30.3,76.3,1.1,25.7
1892,20240306,29.3,81.7,0.8,11.1
1893,20240307,30.8,84.2,0.0,16.2
1894,20240308,33.5,68.5,0.0,8.8
1895,20240309,31.0,71.2,0.0,12.1
1896,20240310,29.1,81.8,0.3,16.6
1897,20240311,30.2,74.5,1.7,29.6
1898,20240312,32.7,86.4,1.1,25.8
1899,20240313,34.4,76.5,1.5,4.7
1900,20240314,29.2,83.0,1.5,23.8
1901,20240315,33.1,86.3,0.2,9.3
1902,20240316,31.4,92.9,0.6,6.3
1903,20240317,29.9,77.4,1.3,18.0
1904,20240318,31.1,84.3,0.6,23.8
1905,20240319,31.0,93.4,0.6,24.2
1906,20240320,29.8,87.1,0.0,3.5
1907,20240321,29.2,84.9,1.2,16.4
1908,20240322,33.2,84.3,0.0,13.6
1909,20240323,30.9,68.9,1.5,11.2
1910,20240324,30.5,87.2,0.0,15.1
1911,20240325,34.3,89.8,0.0,26.5
1912,20240326,31.9,81.5,0.0,13.9
1913,20240327,30.1,69.2,0.0,7.7
1914,20240328,31.8,82.8,0.8,18.2
1915,20240329,35.1,72.1,0.0,0.0
1916,20240330,29.3,88.8,1.3,21.0
1917,20240331,31.3,75.4,0.0,23.4
1918,20240401,30.3,77.7,2.2,10.0
1919,20240402,29.7,91.8,3.9,18.6
1920,20240403,30.8,80.0,5.7,14.3
1921,20240404,30.7,84.5,8.0,13.8
1922,20240405,31.6,83.9,9.6,23.8
1923,20240406,30.9,74.5,0.0,6.2
1924,20240407,30.0,82.8,3.7,2.0
1925,20240408,32.5,90.1,3.4,22.8
1926,20240409,28.6,84.3,0.0,10.7
1927,20240410,27.9,82.5,12.7,20.8
1928,20240411,32.8,81.7,0.5,20.5
1929,20240412,33.6,85.0,5.8,21.8
1930,20240413,27.7,79.5,0.0,7.3
1931,20240414,31.0,88.4,8.1,30.3
1932,20240415,31.5,82.8,0.0,28.6
1933,20240416,33.0,78.0,0.0,23.7
1934,20240417,32.2,81.8,3.5,13.0
1935,20240418,31.3,89.9,0.4,14.9
1936,20240419,29.3,79.5,0.0,11.4
1937,20240420,28.8,79.5,7.9,19.7
1938,20240421,29.9,82.7,10.8,7.3
1939,20240422,32.0,81.9,0.0,8.2
1940,20240423,31.7,98.0,6.3,11.4
1941,20240424,30.3,74.6,0.0,9.7
1942,20240425,28.9,83.6,12.2,15.2
1943,20240426,30.1,83.1,4.1,14.5
1944,20240427,30.2,83.4,1.5,15.3
1945,20240428,29.9,91.1,0.0,12.4
1946,20240429,29.3,81.3,0.0,14.3
1947,20240430,30.5,79.3,6.2,13.1
1948,20240501,30.7,82.9,0.2,23.4
1949,20240502,31.4,87.9,16.4,15.1
1950,20240503,31.7,73.6,2.2,26.2
1951,20240504,31.0,89.9,0.0,9.4
1952,20240505,28.6,88.1,12.1,18.6
1953,20240506,31.8,66.5,5.4,18.4
1954,20240507,29.1,93.7,2.0,19.0
1955,20240508,31.4,86.1,1.8,9.3
1956,20240509,32.3,78.1,5.1,12.5
1957,20240510,31.0,75.4,5.5,16.7
1958,20240511,30.8,96.7,11.0,13.2
1959,20240512,33.4,80.1,0.0,31.1
1960,20240513,29.2,87.4,4.1,17.9
1961,20240514,27.6,96.1,12.0,22.4
1962,20240515,29.5,92.6,12.0,15.7
1963,20240516,28.0,82.6,0.0,16.3
1964,20240517,27.5,90.4,1.7,15.8
1965,20240518,30.1,82.2,0.9,18.6
1966,20240519,31.5,71.0,11.0,13.2
1967,20240520,31.5,89.5,14.5,27.7
1968,20240521,28.2,86.9,3.2,19.8
1969,20240522,27.6,95.4,5.7,9.8
1970,20240523,30.0,85.6,13.5,25.5
1971,20240524,28.4,81.3,1.1,21.1
1972,20240525,30.6,83.3,2.5,17.0
1973,20240526,30.4,93.2,3.8,21.4
1974,20240527,28.9,79.3,0.0,21.6
1975,20240528,29.3,85.3,5.7,15.2
1976,20240529,29.5,86.1,4.3,27.0
1977,20240530,28.5,80.8,0.0,15.1
1978,20240531,28.7,72.9,2.9,8.7
1979,20240601,27.7,86.9,0.6,10.3
1980,20240602,28.1,76.4,0.0,15.5
1981,20240603,27.5,92.2,3.0,7.3
1982,20240604,30.5,69.1,4.8,19.1
1983,20240605,29.9,80.4,2.2,18.4
1984,20240606,27.6,79.4,5.5,20.5
1985,20240607,26.8,88.1,8.3,29.6
1986,20240608,28.4,72.7,0.9,16.7
1987,20240609,28.5,79.6,9.7,17.8
1988,20240610,30.1,83.4,4.3,6.3
1989,20240611,30.4,87.0,7.2,25.9
1990,20240612,27.6,96.1,6.1,23.0
1991,20240613,28.4,83.3,0.0,18.1
1992,20240614,27.4,80.1,9.5,11.4
1993,20240615,27.5,83.1,0.0,5.1
1994,20240616,27.9,88.8,3.9,14.1
1995,20240617,29.2,86.3,0.0,14.1
1996,20240618,27.1,82.4,6.4,13.5
1997,20240619,27.9,73.9,9.3,13.0
1998,20240620,29.2,80.7,0.0,26.6
1999,20240621,29.5,80.3,0.0,12.4
2000,20240622,27.7,90.7,10.5,4.5
2001,20240623,28.2,77.7,1.0,20.4
2002,20240624,29.8,79.4,9.1,5.8
2003,20240625,27.4,89.6,2.5,21.5
2004,20240626,27.4,81.8,4.2,10.0
2005,20240627,27.2,83.4,0.0,14.5
2006,20240628,28.7,82.8,2.3,19.8
2007,20240629,28.5,71.6,5.9,20.6
2008,20240630,28.4,85.8,0.0,9.2
2009,20240701,26.3,83.2,12.5,24.5
2010,20240702,28.7,70.2,1.2,20.6
2011,20240703,26.2,81.1,20.2,9.7
2012,20240704,29.0,86.4,1.2,16.6
2013,20240705,28.0,67.7,3.4,9.8
2014,20240706,27.8,69.3,0.0,6.7
2015,20240707,27.5,73.1,0.0,5.9
2016,20240708,27.1,82.7,2.3,21.0
2017,20240709,29.5,77.1,0.1,14.9
2018,20240710,27.3,78.7,4.5,12.1
2019,20240711,24.4,79.2,0.0,23.6
2020,20240712,28.3,72.4,3.1,17.7
2021,20240713,25.8,85.4,8.7,14.3
2022,20240714,27.6,91.1,0.7,20.1
2023,20240715,27.0,75.9,0.0,16.4
2024,20240716,26.9,91.8,5.3,6.8
2025,20240717,28.0,85.4,0.0,32.5
2026,20240718,28.9,78.4,0.0,6.6
2027,20240719,26.5,87.7,0.0,10.0
2028,20240720,27.6,75.8,10.5,13.2
2029,20240721,26.7,84.2,0.0,23.9
2030,20240722,27.9,79.6,4.4,16.1
2031,20240723,27.5,82.9,0.0,9.6
2032,20240724,25.2,74.4,14.4,22.0
2033,20240725,27.7,82.8,6.3,14.6
2034,20240726,29.8,83.7,9.7,0.0
2035,20240727,25.8,79.2,4.0,10.3
2036,20240728,28.9,82.4,0.0,19.6
2037,20240729,27.0,86.1,0.0,8.5
2038,20240730,25.7,79.5,11.5,25.4
2039,20240731,25.9,77.6,0.0,9.5
2040,20240801,26.8,87.9,13.1,12.6
2041,20240802,26.0,91.7,0.0,12.5
2042,20240803,26.0,99.0,7.0,13.5
2043,20240804,24.8,84.9,0.0,26.1
2044,20240805,28.8,74.0,1.1,17.7
2045,20240806,27.2,85.8,1.3,9.8
2046,20240807,26.6,84.2,3.0,16.0
2047,20240808,25.9,86.1,7.1,22.0
2048,20240809,25.1,79.0,10.1,33.7
2049,20240810,26.0,74.2,1.6,13.3
2050,20240811,26.2,75.6,6.5,14.7
2051,20240812,26.0,83.8,12.7,12.5
2052,20240813,26.8,78.3,0.0,16.6
2053,20240814,26.9,84.4,3.6,15.5
2054,20240815,25.9,74.9,0.0,7.6
2055,20240816,26.6,79.9,0.0,8.2
2056,20240817,23.9,77.9,3.6,16.2
2057,20240818,24.9,71.1,7.6,13.4
2058,20240819,23.8,81.8,2.7,20.6
2059,20240820,25.6,80.8,0.0,14.4
2060,20240821,25.2,92.2,0.0,17.6
2061,20240822,25.1,81.5,3.1,19.5
2062,20240823,26.5,81.8,8.6,16.8
2063,20240824,27.4,72.7,0.0,25.6
2064,20240825,27.5,83.7,10.2,4.5
2065,20240826,26.3,86.3,1.9,2.7
2066,20240827,27.1,92.7,7.4,10.3
2067,20240828,24.6,84.2,10.7,11.6
2068,20240829,24.8,87.8,0.0,20.3
2069,20240830,24.5,84.1,5.5,12.0
2070,20240831,24.1,85.9,6.0,18.0
2071,20240901,23.2,84.1,8.9,16.4
2072,20240902,27.2,88.4,10.1,18.7
2073,20240903,25.7,89.8,1.6,16.4
2074,20240904,23.7,74.1,8.1,8.7
2075,20240905,25.6,81.2,0.0,9.9
2076,20240906,23.5,81.0,1.4,12.7
2077,20240907,27.0,89.2,2.1,15.6
2078,20240908,26.5,81.5,3.0,21.1
2079,20240909,26.7,76.8,1.5,0.0
2080,20240910,25.0,91.8,6.7,12.1
2081,20240911,23.2,79.3,7.2,18.3
2082,20240912,26.2,82.7,1.7,16.6
2083,20240913,25.7,82.9,5.8,17.3
2084,20240914,26.0,70.1,2.2,11.2
2085,20240915,26.1,64.7,4.3,21.2
2086,20240916,26.6,71.8,5.4,5.5
2087,20240917,24.6,74.3,0.0,21.5
2088,20240918,27.7,65.8,0.0,12.9
2089,20240919,27.2,88.5,0.0,7.8
2090,20240920,24.2,84.8,0.0,8.6
2091,20240921,24.8,97.2,2.8,6.4
2092,20240922,25.6,71.4,2.4,8.7
2093,20240923,24.2,71.7,6.5,10.2
2094,20240924,24.0,93.1,0.0,25.6
2095,20240925,23.4,83.9,6.5,15.6
2096,20240926,24.1,73.5,0.0,0.0
2097,20240927,24.7,89.6,12.1,10.2
2098,20240928,25.2,77.8,0.0,8.7
2099,20240929,25.7,79.2,0.5,24.4
2100,20240930,21.9,83.2,5.0,11.0
2101,20241001,22.4,83.3,0.0,0.0
2102,20241002,23.7,84.2,0.7,7.4
2103,20241003,24.6,83.5,0.9,28.3
2104,20241004,25.8,78.3,0.0,15.0
2105,20241005,27.4,84.2,0.0,16.3
2106,20241006,25.1,82.0,0.0,17.8
2107,20241007,25.7,91.9,0.0,18.9
2108,20241008,20.6,75.2,0.0,18.5
2109,20241009,27.6,79.6,0.8,18.6
2110,20241010,24.3,78.5,0.5,6.0
2111,20241011,25.1,63.8,0.1,24.1
2112,20241012,24.5,86.6,0.0,18.7
2113,20241013,26.2,73.2,0.0,9.0
2114,20241014,26.2,80.7,0.9,9.7
2115,20241015,22.4,80.0,1.4,25.9
2116,20241016,25.7,71.9,0.6,16.6
2117,20241017,26.9,82.9,0.2,17.1
2118,20241018,25.1,99.0,0.0,9.4
2119,20241019,24.0,75.8,0.4,10.9
2120,20241020,25.5,80.8,1.8,15.8
2121,20241021,27.3,72.9,0.3,0.0
2122,20241022,27.2,77.8,0.0,19.0
2123,20241023,18.8,92.3,0.0,15.9
2124,20241024,27.1,76.7,0.0,12.4
2125,20241025,24.3,80.0,0.0,16.3
2126,20241026,27.8,96.0,0.0,12.3
2127,20241027,26.1,76.2,0.0,22.6
2128,20241028,24.6,61.8,2.9,10.7
2129,20241029,25.0,81.3,0.5,13.9
2130,20241030,25.2,79.3,1.3,25.6
2131,20241031,24.1,89.6,0.0,11.9
2132,20241101,26.1,78.3,0.0,24.1
2133,20241102,24.7,70.2,1.7,22.9
2134,20241103,24.8,85.6,0.0,18.7
2135,20241104,24.6,85.0,0.0,9.2
2136,20241105,21.9,77.3,2.8,18.4
2137,20241106,23.0,96.1,0.0,9.7
2138,20241107,25.0,86.4,0.1,10.0
2139,20241108,25.1,82.9,0.7,6.5
2140,20241109,25.6,75.0,0.9,12.9
2141,20241110,23.4,91.8,0.0,9.2
2142,20241111,26.2,86.1,1.5,15.7
2143,20241112,26.6,81.7,1.7,5.0
2144,20241113,27.7,83.4,1.1,13.1
2145,20241114,27.5,81.2,0.0,21.2
2146,20241115,25.3,86.4,0.0,17.9
2147,20241116,24.9,75.8,0.9,1.8
2148,20241117,27.9,81.4,0.0,9.9
2149,20241118,25.2,77.5,0.0,5.5
2150,20241119,24.9,80.2,0.0,13.7
2151,20241120,25.5,94.0,0.1,16.5
2152,20241121,27.1,87.2,0.4,15.2
2153,20241122,26.1,86.3,0.7,9.8
2154,20241123,25.9,86.5,0.1,16.0
2155,20241124,26.3,70.0,3.6,21.8
2156,20241125,24.6,99.0,0.5,4.8
2157,20241126,25.6,79.0,0.0,15.2
2158,20241127,26.1,82.4,1.9,19.3
2159,20241128,25.9,82.2,0.0,21.6
2160,20241129,27.5,73.9,2.8,6.5
2161,20241130,27.4,79.6,0.0,21.8
2162,20241201,27.2,84.9,0.7,3.2
2163,20241202,27.9,87.5,3.1,18.0
2164,20241203,29.3,84.1,0.0,12.0
2165,20241204,26.3,86.4,0.7,13.0
2166,20241205,26.2,95.7,0.0,10.3
2167,20241206,27.3,84.1,1.0,3.9
2168,20241207,24.6,95.5,0.3,14.5
2169,20241208,26.9,87.3,0.0,22.2
2170,20241209,27.7,85.8,1.5,7.4
2171,20241210,25.6,76.4,0.0,15.6
2172,20241211,26.5,79.1,1.6,25.6
2173,20241212,28.6,81.4,0.0,30.0
2174,20241213,26.3,72.3,1.1,26.7
2175,20241214,27.9,79.3,0.0,27.6
2176,20241215,28.9,89.2,0.2,11.0
2177,20241216,29.2,75.2,0.0,19.2
2178,20241217,29.0,84.1,0.0,16.9
2179,20241218,23.4,86.7,1.0,19.8
2180,20241219,31.2,90.4,0.3,26.5
2181,20241220,29.4,79.5,0.3,4.3
2182,20241221,29.5,79.4,1.4,14.6
2183,20241222,25.1,87.9,0.0,17.9
2184,20241223,26.1,86.2,0.6,2.1
2185,20241224,29.9,77.7,0.1,8.7
2186,20241225,28.9,82.3,0.0,18.2
2187,20241226,27.5,75.4,0.0,6.0
2188,20241227,27.7,85.5,0.0,11.3
2189,20241228,26.3,80.1,0.7,16.8
2190,20241229,28.9,82.9,0.0,15.0
2191,20241230,26.8,81.6,0.9,21.7
2192,20241231,28.7,75.5,0.0,11.0
